{
  "components/amp/category/product-listing": "{{#if theme_settings.product_list_display_mode '===' 'grid'}}\r\n    {{> components/amp/products/grid products=category.products}}\r\n{{else}}\r\n    {{> components/amp/products/list products=category.products}}\r\n{{/if}}\r\n\r\n{{> components/amp/common/paginator pagination.category}}\r\n",
  "components/amp/common/paginator": "<div class=\"pagination\">\r\n    <ul class=\"pagination-list\">\r\n        {{#if previous}}\r\n            <li class=\"pagination-item pagination-item--previous\">\r\n                <a class=\"pagination-link\" href=\"{{previous}}\" {{#unless reload}}data-faceted-search-facet{{/unless}}>\r\n                    <span class=\"icon\" aria-hidden=\"true\"><svg xmlns=\"http://www.w3.org/2000/svg\" width=\"24\" height=\"24\" viewBox=\"0 0 24 24\"><path d=\"M15.41 7.41L14 6l-6 6 6 6 1.41-1.41L10.83 12z\"/></svg></span>\r\n                    {{lang 'common.previous'}}\r\n                </a>\r\n            </li>\r\n        {{/if}}\r\n        {{#each links}}\r\n            {{#if this.number '==' ../current}}\r\n                <li class=\"pagination-item pagination-item--current\">\r\n                    <a class=\"pagination-link\" href=\"{{this.url}}\" {{#unless reload}}data-faceted-search-facet{{/unless}}>{{this.number}}</a>\r\n                </li>\r\n            {{else}}\r\n                <li class=\"pagination-item\">\r\n                    <a class=\"pagination-link\" href=\"{{this.url}}\" {{#unless reload}}data-faceted-search-facet{{/unless}}>{{this.number}}</a>\r\n                </li>\r\n            {{/if}}\r\n        {{/each}}\r\n\r\n        {{#if next}}\r\n            <li class=\"pagination-item pagination-item--next\">\r\n                <a class=\"pagination-link\" href=\"{{next}}\" {{#unless reload}}data-faceted-search-facet{{/unless}}>\r\n                    {{lang 'common.next'}}\r\n                    <span class=\"icon\" aria-hidden=\"true\"><svg xmlns=\"http://www.w3.org/2000/svg\" width=\"24\" height=\"24\" viewBox=\"0 0 24 24\"><path d=\"M10 6L8.59 7.41 13.17 12l-4.58 4.59L10 18l6-6z\"/></svg></span>\r\n                </a>\r\n            </li>\r\n        {{/if}}\r\n    </ul>\r\n</div>\r\n",
  "components/amp/products/grid": "<ul class=\"productGrid\">\r\n    {{#each products}}\r\n    <li class=\"product\">\r\n        {{>components/amp/products/card show_rating=../settings.show_product_rating theme_settings=../theme_settings customer=../customer}}\r\n    </li>\r\n    {{/each}}\r\n</ul>\r\n",
  "components/amp/products/list": "<ul class=\"productList\">\r\n    {{#each products}}\r\n\t    <li class=\"product\">\r\n\t        {{>components/amp/products/list-item show_rating=../settings.show_product_rating theme_settings=../theme_settings}}\r\n\t    </li>\r\n    {{/each}}\r\n</ul>\r\n",
  "components/amp/products/card": "<article class=\"card {{#if alternate}}card--alternate{{/if}}\">\r\n    <figure class=\"card-figure\">\r\n        {{#or price.non_sale_price_with_tax price.non_sale_price_without_tax}}\r\n            {{#if theme_settings.product_sale_badges}}\r\n                <div class=\"sale-sash\">\r\n                    <span class=\"sale-text\">On Sale!</span>\r\n                </div>\r\n            {{/if}}\r\n        {{/or}}\r\n        <a data-vars-product-link=\"{{url}}\" data-vars-product-id=\"{{id}}\" data-vars-product-name=\"{{name}}\" href=\"{{url}}\">\r\n            <amp-img class=\"card-image\" src=\"{{getImage image 'productgallery_size' (cdn theme_settings.default_image_product)}}\" width=\"300\" height=\"300\" layout=\"responsive\" alt=\"{{image.alt}}\"></amp-img>\r\n        </a>\r\n    </figure>\r\n    <div class=\"card-body\">\r\n        {{#if show_rating}}\r\n            <p class=\"card-text\" data-test-info-type=\"productRating\">\r\n                <span class=\"rating--small\">\r\n                    {{> components/amp/products/ratings rating=rating}}\r\n                </span>\r\n            </p>\r\n        {{/if}}\r\n        {{#if brand.name}}\r\n            <p class=\"card-text\" data-test-info-type=\"brandName\">{{brand.name}}</p>\r\n        {{/if}}\r\n        <h4 class=\"card-title\">\r\n            <a data-vars-product-link=\"{{url}}\" data-vars-product-id=\"{{id}}\" data-vars-product-name=\"{{name}}\" href=\"{{url}}\">{{name}}</a>\r\n        </h4>\r\n\r\n        <div class=\"card-text\" data-test-info-type=\"price\">\r\n            {{#or customer (if theme_settings.restrict_to_login '!==' true)}}\r\n                {{> components/products/price price=price customer=customer}}\r\n            {{else}}\r\n                {{> components/common/login-for-pricing}}\r\n            {{/or}}\r\n        </div>\r\n    </div>\r\n</article>\r\n",
  "components/amp/products/list-item": "<article class=\"listItem\">\r\n    <figure class=\"listItem-figure\">\r\n        <amp-img src=\"{{getImage image 'productgallery_size' (cdn theme_settings.default_image_product)}}\" width=\"300\" height=\"300\" layout=\"responsive\" alt=\"{{image.alt}}\"></amp-img>\r\n    </figure>\r\n    <div class=\"listItem-body\">\r\n        <div class=\"listItem-content\">\r\n            <div class=\"listItem-details\">\r\n                {{#if show_rating}}\r\n                    <p class=\"listItem-rating\">{{> components/amp/products/ratings rating=rating}}</p>\r\n                {{/if}}\r\n                {{#if brand.name}}\r\n                <p class=\"listItem-brand\">{{brand.name}}</p>\r\n                {{/if}}\r\n                <h4 class=\"listItem-title\">\r\n                    <a href=\"{{url}}\">{{name}}</a>\r\n                </h4>\r\n                {{#if summary}}\r\n                    <p class=\"listItem-summary\">{{summary}}</p>\r\n                {{/if}}\r\n            </div>\r\n            <div class=\"listItem-actions\">\r\n                {{#if price}}\r\n                    <div class=\"listItem-price\">{{> components/products/price price=price}}</div>\r\n                {{/if}}\r\n                {{#unless hide_add_to_cart}}\r\n                    {{#if has_options}}\r\n                        <a href=\"{{url}}\" class=\"button button--primary\" data-product-id=\"{{id}}\">{{lang \"products.choose_options\"}}</a>\r\n                    {{else}}\r\n                        {{#if out_of_stock_message }}\r\n                        <span href=\"{{url}}\" class=\"button button--primary\">{{out_of_stock_message}}</span>\r\n                        {{else}}\r\n                        <a href=\"{{add_to_cart_url}}\" class=\"button button--primary\">{{lang \"products.add_to_cart\"}}</a>\r\n                        {{/if}}\r\n                    {{/if}}\r\n                {{/unless}}\r\n            </div>\r\n        </div>\r\n    </div>\r\n</article>\r\n",
  "components/amp/products/ratings": "{{#for 1 5}}\r\n    {{#if ../this.rating '>=' $index}}\r\n        <span class=\"icon icon--ratingFull\">\r\n            <svg xmlns=\"http://www.w3.org/2000/svg\" width=\"26\" height=\"28\" viewBox=\"0 0 26 28\"><path d=\"M0 10.11q0-.58.875-.72L8.72 8.25l3.515-7.11Q12.532.5 13 .5t.767.64l3.516 7.11 7.844 1.14q.875.14.875.72 0 .343-.406.75l-5.672 5.53 1.344 7.812q.016.11.016.313 0 .328-.164.555t-.477.227q-.297 0-.625-.187l-7.016-3.687-7.016 3.687q-.344.187-.625.187-.327 0-.49-.227t-.165-.555q0-.094.03-.313L6.08 16.39.392 10.86q-.39-.423-.39-.75z\"/></svg>\r\n        </span>\r\n    {{else}}\r\n        <span class=\"icon icon--ratingEmpty\">\r\n            <svg xmlns=\"http://www.w3.org/2000/svg\" width=\"26\" height=\"28\" viewBox=\"0 0 26 28\"><path d=\"M0 10.11q0-.58.875-.72L8.72 8.25l3.515-7.11Q12.532.5 13 .5t.767.64l3.516 7.11 7.844 1.14q.875.14.875.72 0 .343-.406.75l-5.672 5.53 1.344 7.812q.016.11.016.313 0 .328-.164.555t-.477.227q-.297 0-.625-.187l-7.016-3.687-7.016 3.687q-.344.187-.625.187-.327 0-.49-.227t-.165-.555q0-.094.03-.313L6.08 16.39.392 10.86q-.39-.423-.39-.75z\"/></svg>\r\n        </span>\r\n    {{/if}}\r\n{{/for}}\r\n{{{snippet 'product_rating'}}}\r\n",
  "components/products/price": "{{#or has_options product.options.length}}\r\n    {{#if price.with_tax}}\r\n        <div class=\"price-section price-section--withTax\" {{#if schema_org}}itemprop=\"offers\" itemscope itemtype=\"http://schema.org/Offer\"{{/if}}>\r\n            {{#if price.rrp_with_tax}}\r\n                <span data-product-rrp-with-tax class=\"price price--rrp\">{{price.rrp_with_tax.formatted}}</span>\r\n            {{/if}}\r\n            {{#if page_type '!==' 'product'}}\r\n                {{#if theme_settings.price_as_low_as}}\r\n                    <span translate>As low as </span>\r\n                {{/if}}\r\n            {{/if}}\r\n            <span data-product-price-with-tax class=\"price\">{{price.with_tax.formatted}}</span>\r\n            {{#if price.without_tax}}\r\n                {{lang 'products.price_with_tax' tax_label=price.tax_label}}\r\n            {{/if}}\r\n        </div>\r\n    {{/if}}\r\n    {{#if price.without_tax}}\r\n        <div class=\"price-section price-section--withoutTax {{#if price.with_tax}}price-section--minor{{/if}}\"  {{#if schema_org}}itemprop=\"offers\" itemscope itemtype=\"http://schema.org/Offer\"{{/if}}>\r\n            {{#if price.rrp_without_tax}}\r\n                <span data-product-rrp-without-tax class=\"price price--rrp\">{{price.rrp_without_tax.formatted}}</span>\r\n            {{/if}}\r\n            {{#if schema_org}}\r\n                <meta itemprop=\"price\" content=\"{{price.without_tax.value}}\">\r\n                <meta itemprop=\"priceCurrency\" content=\"{{currency_selector.active_currency_code}}\">\r\n                <meta itemprop=\"availability\" content=\"{{product.availability}}\">\r\n                <meta itemprop=\"itemCondition\" itemtype=\"http://schema.org/OfferItemCondition\" content=\"http://schema.org/{{product.condition}}Condition\">\r\n            {{/if}}\r\n            {{#if page_type '!==' 'product'}}\r\n                {{#if theme_settings.price_as_low_as}}\r\n                    <span translate>As low as </span>\r\n                {{/if}}\r\n            {{/if}}\r\n            <span data-product-price-without-tax class=\"price price--withoutTax\">{{price.without_tax.formatted}}</span>\r\n            {{#if price.with_tax}}\r\n                <abbr title=\"{{lang 'products.excluding_tax'}}\">{{lang 'products.price_without_tax' tax_label=price.tax_label}}</abbr>\r\n            {{/if}}\r\n        </div>\r\n    {{/if}}\r\n    {{#if page_type '===' 'product'}}\r\n        {{#if price.saved}}\r\n            <div class=\"price-section price-section--saving\">\r\n                <span class=\"price\">\r\n                    {{lang 'products.you_save' amount=price.saved.formatted}}\r\n                </span>\r\n            </div>\r\n        {{/if}}\r\n    {{/if}}\r\n{{else}}\r\n    {{#if price.with_tax}}\r\n        <div class=\"price-section price-section--withTax\" {{#if schema_org}}itemprop=\"offers\" itemscope itemtype=\"http://schema.org/Offer\"{{/if}}>\r\n            {{#if price.rrp_with_tax}}\r\n                <span data-product-rrp-with-tax class=\"price price--rrp\">{{price.rrp_with_tax.formatted}}</span>\r\n            {{/if}}\r\n            <span data-product-price-with-tax class=\"price\">{{price.with_tax.formatted}}</span>\r\n            {{#if price.without_tax}}\r\n                {{lang 'products.price_with_tax' tax_label=price.tax_label}}\r\n            {{/if}}\r\n        </div>\r\n    {{/if}}\r\n    {{#if price.without_tax}}\r\n        <div class=\"price-section price-section--withoutTax {{#if price.with_tax}}price-section--minor{{/if}}\"  {{#if schema_org}}itemprop=\"offers\" itemscope itemtype=\"http://schema.org/Offer\"{{/if}}>\r\n            {{#if price.rrp_without_tax}}\r\n                <span data-product-rrp-without-tax class=\"price price--rrp\">{{price.rrp_without_tax.formatted}}</span>\r\n            {{/if}}\r\n            {{#if schema_org}}\r\n                <meta itemprop=\"price\" content=\"{{price.without_tax.value}}\">\r\n                <meta itemprop=\"priceCurrency\" content=\"{{currency_selector.active_currency_code}}\">\r\n            {{/if}}\r\n            <span data-product-price-without-tax class=\"price price--withoutTax\">{{price.without_tax.formatted}}</span>\r\n            {{#if price.with_tax}}\r\n                <abbr title=\"{{lang 'products.excluding_tax'}}\">{{lang 'products.price_without_tax' tax_label=price.tax_label}}</abbr>\r\n            {{/if}}\r\n        </div>\r\n    {{/if}}\r\n    {{#if page_type '===' 'product'}}\r\n        {{#if price.saved}}\r\n            <div class=\"price-section price-section--saving\">\r\n                <span class=\"price\">\r\n                    {{lang 'products.you_save' amount=price.saved.formatted}}\r\n                </span>\r\n            </div>\r\n        {{/if}}\r\n    {{/if}}\r\n{{/or}}\r\n",
  "components/common/login-for-pricing": "<p translate>Log in for pricing</p>\r\n"
}