{
  "components/category/product-listing": "<div class=\"pl-option-wrap\">\r\n    <div class=\"cate-mobile\">\r\n        {{> components/category/shortcut-categories}} \r\n    </div>\r\n   \r\n    {{> components/products/filter sort=pagination.category.sort}}    \r\n</div> \r\n<form action=\"{{urls.compare}}\" method='POST' data-product-compare>\r\n    {{#if theme_settings.product_list_display_mode '===' 'grid'}}\r\n        {{> components/products/grid products=category.products show_compare=category.show_compare theme_settings=theme_settings}}\r\n    {{else}}\r\n        {{> components/products/list products=category.products show_compare=category.show_compare theme_settings=theme_settings}}\r\n    {{/if}}\r\n</form>\r\n<div class=\"product-show-more\" id=\"listing-showmoreBtn\">\r\n    {{#if pagination.category.next}}\r\n        <a class=\"button button--transparent button--showmore\" data-href=\"#\">\r\n            <svg class=\"icon button--circle\" aria-hidden=\"true\">\r\n                <symbol id=\"icon-refresh\" viewBox=\"0 0 16 16\">\r\n                    <path d=\"M2.083,9H0.062H0v5l1.481-1.361C2.932,14.673,5.311,16,8,16c4.08,0,7.446-3.054,7.938-7h-2.021 c-0.476,2.838-2.944,5-5.917,5c-2.106,0-3.96-1.086-5.03-2.729L5.441,9H2.083z\" />\r\n                    <path d=\"M8,0C3.92,0,0.554,3.054,0.062,7h2.021C2.559,4.162,5.027,2,8,2c2.169,0,4.07,1.151,5.124,2.876 L11,7h2h0.917h2.021H16V2l-1.432,1.432C13.123,1.357,10.72,0,8,0z\" />\r\n                </symbol>\r\n                <use xlink:href=\"#icon-refresh\"></use>\r\n            </svg>\r\n            <span class=\"text\">{{lang 'search.faceted.show-more'}}</span>\r\n        </a>\r\n    {{else}}\r\n        <a class=\"button button--transparent disable button--showmore\" data-href=\"#\">\r\n            <span class=\"text\">{{lang 'common.no_more_products'}}</span>\r\n        </a>\r\n    {{/if}}\r\n</div>\r\n\r\n{{> components/common/paginator pagination.category}}\r\n",
  "components/products/filter": "<form class=\"actionBar\" method=\"get\" data-sort-by>\r\n    {{> components/category/sort-box sort=sort}}\r\n</form>\r\n",
  "components/common/paginator": "<div class=\"pagination\">\r\n    <ul class=\"pagination-list\">\r\n        {{#if previous}}\r\n            <li class=\"pagination-item pagination-item--previous\">\r\n                <a class=\"pagination-link\" href=\"{{previous}}\" {{#unless reload}}data-faceted-search-facet{{/unless}}>\r\n                    <i class=\"icon\" aria-hidden=\"true\">\r\n                        <svg>\r\n                            <use xmlns:xlink=\"http://www.w3.org/1999/xlink\" xlink:href=\"#icon-chevron-left\"></use>\r\n                        </svg>\r\n                    </i>\r\n                    {{lang 'common.previous'}}\r\n                </a>\r\n            </li>\r\n        {{/if}}\r\n        {{#each links}}\r\n            {{#if this.number '==' ../current}}\r\n                <li class=\"pagination-item pagination-item--current\">\r\n                    <a class=\"pagination-link\" href=\"{{this.url}}\" {{#unless reload}}data-faceted-search-facet{{/unless}}>{{this.number}}</a>\r\n                </li>\r\n            {{else}}\r\n                <li class=\"pagination-item\">\r\n                    <a class=\"pagination-link\" href=\"{{this.url}}\" {{#unless reload}}data-faceted-search-facet{{/unless}}>{{this.number}}</a>\r\n                </li>\r\n            {{/if}}\r\n        {{/each}}\r\n\r\n        {{#if next}}\r\n            <li class=\"pagination-item pagination-item--next\">\r\n                <a class=\"pagination-link\" href=\"{{next}}\" {{#unless reload}}data-faceted-search-facet{{/unless}}>\r\n                    {{lang 'common.next'}}\r\n                    <i class=\"icon\" aria-hidden=\"true\">\r\n                        <svg>\r\n                            <use xmlns:xlink=\"http://www.w3.org/1999/xlink\" xlink:href=\"#icon-chevron-right\"></use>\r\n                        </svg>\r\n                    </i>\r\n                </a>\r\n            </li>\r\n        {{/if}}\r\n    </ul>\r\n</div>\r\n",
  "components/products/list": "<ul class=\"productList\">\r\n    {{#each products}}\r\n    <li class=\"product\">\r\n        {{>components/products/list-item show_compare=../show_compare show_rating=../settings.show_product_rating theme_settings=../theme_settings customer=../customer}}\r\n    </li>\r\n    {{/each}}\r\n</ul>\r\n",
  "components/products/grid": "<ul class=\"productGrid\">\r\n    {{#each products}}        \r\n          {{#if ../page_type 'category'}}        \r\n            {{#or (if name '==' 'Hair Extensions Catalog -2019') (if name '==' \"Men's Hairpiece Catalog - 2020\") (if name '==' \"Women's Catalog - 2018\") (if name '==' \"Price List Superhairpieces -2021\")}}                                \r\n                {{#or (if ../../../customer_group_name \"==\" \"Tier 1\") (if ../../../customer_group_name \"==\" \"Extensions Wholesale\") (if ../../../customer_group_name '==' 'Extensions Wholesale No Signature')}}        \r\n                <li class=\"product \">\r\n                    {{>components/products/card show_compare=../show_compare show_rating=../settings.show_product_rating theme_settings=../theme_settings customer=../customer}}\r\n                </li>                \r\n                {{/or}}\r\n            {{else}}\r\n                <!-- <li class=\"product \">\r\n                    {{>components/products/card show_compare=../show_compare show_rating=../settings.show_product_rating theme_settings=../theme_settings customer=../customer}}\r\n                </li> -->\r\n                {{#or (if name '==' 'Hard Bond Sure Stick 1.1 oz') (if name '==' 'PPI PURS Polyurethane Repair')}}\r\n                    {{#or (if ../../../../customer_group_name \"==\" \"Tier 1\") (if ../../../../customer_group_name \"==\" \"Extensions Wholesale\") (if ../../../../customer_group_name '==' 'Extensions Wholesale No Signature')}}\r\n                        <li class=\"product \">\r\n                                {{>components/products/card show_compare=../show_compare show_rating=../settings.show_product_rating theme_settings=../theme_settings customer=../customer}}\r\n                            </li>\r\n                    {{else if ../../../../../customer}}\r\n\r\n                    {{else}}\r\n                        <li class=\"product \">\r\n                            {{>components/products/card show_compare=../show_compare show_rating=../settings.show_product_rating theme_settings=../theme_settings customer=../customer}}\r\n                        </li>\r\n                    {{/or}}\r\n                {{else}}\r\n                    <li class=\"product \">\r\n                        {{>components/products/card show_compare=../show_compare show_rating=../settings.show_product_rating theme_settings=../theme_settings customer=../customer}}\r\n                    </li>\r\n                {{/or}}\r\n\r\n            {{/or}}\r\n        {{else}}\r\n        <!-- <li class=\"product \">\r\n            {{>components/products/card show_compare=../show_compare show_rating=../settings.show_product_rating theme_settings=../theme_settings customer=../customer}}\r\n        </li> -->\r\n        {{#or (if name '==' 'Hard Bond Sure Stick 1.1 oz') (if name '==' 'PPI PURS Polyurethane Repair')}}\r\n            {{#or (if ../../../customer_group_name \"==\" \"Tier 1\") (if ../../../customer_group_name \"==\" \"Extensions Wholesale\") (if ../../../customer_group_name '==' 'Extensions Wholesale No Signature')}}\r\n                <li class=\"product \">\r\n                    {{>components/products/card show_compare=../show_compare show_rating=../settings.show_product_rating theme_settings=../theme_settings customer=../customer}}\r\n                </li>\r\n            {{else if ../../../../customer}}\r\n\r\n            {{else}}\r\n                <li class=\"product \">\r\n                    {{>components/products/card show_compare=../show_compare show_rating=../settings.show_product_rating theme_settings=../theme_settings customer=../customer}}\r\n                </li>\r\n            {{/or}}\r\n        {{else}}\r\n            <li class=\"product \">\r\n                {{>components/products/card show_compare=../show_compare show_rating=../settings.show_product_rating theme_settings=../theme_settings customer=../customer}}\r\n            </li>\r\n        {{/or}}\r\n\r\n        {{/if}}\r\n    {{/each}}\r\n</ul>\r\n",
  "components/category/shortcut-categories": "<style>\r\n    .cate-desktop {\r\n        display: none;\r\n    }\r\n    .cate-mobile {\r\n        display: block;\r\n    }\r\n\r\n    .shortcut-cate1 {\r\n        position: absolute;\r\n         top: 0;\r\n         left: 0;\r\n         background-color: white;\r\n         height: 100vh;\r\n         z-index: 11111;\r\n         top: -83px;\r\n         left: -100%;\r\n         width: 85%;\r\n         transition: all .5s ease,z-index 0s ease;\r\n         padding: 15px;\r\n    }\r\n    \r\n    .open-cate {\r\n        left: 0;\r\n    }\r\n    .shortcut-cate {\r\n         display: flex;\r\n         flex-direction: row;\r\n         flex-wrap: wrap;\r\n         gap: 10px;\r\n         /* display: none; */\r\n\r\n    }\r\n    .shortcut-cate a {\r\n        text-decoration: none;\r\n        border: 1px solid #A9A9A9;\r\n        padding: 8px 14px;\r\n        border-radius: 4px;\r\n        font-weight: 500;\r\n    }\r\n    .shortcut-cate .clicked {\r\n        color: white;\r\n        background-color: black;\r\n    }\r\n    .pl-filter-wrap {\r\n        align-items: center; \r\n        font-size:13px;  \r\n        height: 48px;\r\n        margin: 1.5rem 0;\r\n        position: relative;\r\n        cursor: pointer;\r\n        width: 100% !important;\r\n    }\r\n    .pl-filter-wrap::after {\r\n\r\n            content: \"✕\";\r\n            display: block;\r\n            position: absolute;\r\n            font-size: 1rem;\r\n            color: #757575;\r\n            font-weight: 600;\r\n            right: 0px;\r\n            text-align: center;\r\n            top: 45%;\r\n            transform: rotate(45deg);\r\n            width: 1.25rem;\r\n            margin: -0.525rem 1.25rem 0px;\r\n        \r\n    }\r\n    \r\n    .shortcut-cateClose {\r\n        background-color: black;\r\n        position: absolute;\r\n        right: -46px;\r\n        padding: 5px;\r\n        top: 45px;\r\n        font-size: 4rem;\r\n        line-height: .6;\r\n        color: white;\r\n        cursor: pointer;\r\n    }\r\n    .shortcut-overlay {\r\n        position: absolute;\r\n        height: 100vh;\r\n        width: 100%;\r\n        background-color: rgba(0, 0, 0, 0.397);\r\n        z-index: 11111;\r\n        left: 0;\r\n        top: -83px;\r\n        display: none;\r\n    }\r\n    /* .pl-option-wrap {\r\n        display: flex;\r\n    }\r\n    .pl-option-wrap .actionBar {\r\n        width: 100%;\r\n    } */\r\n    .cate-mobile {\r\n        width: 100%;\r\n    }\r\n    .shortcut-cate2 {\r\n        max-height: 0px;\r\n        overflow: hidden;\r\n        transition: max-height 0.5s ease-in-out;\r\n        \r\n    }\r\n    .brand-add {\r\n        transition: max-height 0.5s ease-in-out;\r\n    }\r\n    .womens_title {\r\n        position: relative;\r\n        cursor: pointer;\r\n    }\r\n    .womens_title::after {\r\n\r\n        content: \"✕\";\r\n        display: block;\r\n        position: absolute;\r\n        font-size: 0.75rem;\r\n        right: 0;\r\n        text-align: center;\r\n        top: 50%;\r\n        transform: rotate(45deg);\r\n        width: 1.25rem;\r\n        transition: transform 0.3s ease 0s;\r\n        margin: -0.525rem 1.25rem 0;\r\n    \r\n    }\r\n    .page-button1::after {\r\n        content: \"―\";\r\n        transform: rotate(0);\r\n    }\r\n    @media (min-width:500px) {\r\n        .pl-option-wrap {\r\n            justify-content: center !important;\r\n            gap: 20px;\r\n        }\r\n    }\r\n    @media (min-width: 551px) {\r\n        .shortcut-cate1 {\r\n            top: -90px;\r\n        }\r\n        .cate-mobile {\r\n            max-width: 250px;\r\n        }\r\n        .pl-option-wrap .actionBar {\r\n            max-width: 250px;\r\n        }\r\n        .pl-option-wrap {\r\n            justify-content: flex-end !important;\r\n        }\r\n    }\r\n    @media (min-width:801px) {\r\n        .shortcut-cate2 {\r\n        max-height: unset !important;\r\n        /* overflow: hidden; */\r\n        transition: max-height 0.5s ease-in-out;\r\n        \r\n    }\r\n    .womens_title {\r\n        /* position: relative; */\r\n        cursor: unset;\r\n    }\r\n        .womens_title::after {\r\n\r\n            content: \"\";\r\n\r\n        }   \r\n        .shortcut-cate {\r\n         margin-top: 10px;\r\n         margin-bottom: 20px;\r\n         /* display: none; */\r\n\r\n    }\r\n        .shortcut-overlay {\r\n            display: none !important;\r\n        }\r\n        .cate-desktop {\r\n            display: block;\r\n        }\r\n        .cate-mobile {\r\n            display: none;\r\n        }\r\n        .shortcut-cate1 {\r\n            position: unset;\r\n            width: 100%;\r\n            height: unset;\r\n            padding: unset;\r\n        }\r\n        .pl-filter-wrap {\r\n            display: none;\r\n        }\r\n        .shortcut-cate1 h2 {\r\n            display: none;\r\n        }\r\n        .shortcut-cateClose {\r\n            display: none;\r\n        }\r\n    }\r\n</style>\r\n{{#if breadcrumbs.[1].name '===' 'Men'}}\r\n    {{#if breadcrumbs.[2].name '==' 'Promotions'}}\r\n        {{#lengthEqual breadcrumbs 4}}\r\n\r\n        <div style=\" height: 100%;\">\r\n            <div id=\"filter8\" class=\"pl-filter-wrap\">\r\n                <div>\r\n                    <img src=\"/content/images/common/filter.svg\"> Filter By\r\n                </div>\r\n            </div>\r\n            <span class=\"shortcut-overlay\"></span>\r\n            <div class=\"shortcut-cate1\">\r\n                <div class=\"shortcut-cateClose\">\r\n                        ×\r\n                </div>\r\n                <h2>Categories</h2>\r\n                <div class=\"shortcut-cate\">\r\n                    <!-- {{#each categories.[0].children}}\r\n                    {{#if name '==' 'Promotions'}}\r\n                        {{#each children}}\r\n                    <a href=\"{{url}}\" {{#contains category.url \"/new-arrival-toupees/\"}} class='clicked'{{/contains}}>{{name}}</a>\r\n\r\n                        {{/each}}\r\n                    {{/if}}\r\n                {{/each}} -->\r\n                    <a href=\"/promotions-for-men/\"  {{#contains category.url '/promotions-for-men/'}}class='clicked'{{/contains}}>All Promotions</a>\r\n                    <a href=\"/on-sale-hair-systems/\" {{#contains category.url '/on-sale-hair-systems/'}}class='clicked'{{/contains}}>On Sale</a>\r\n                    <a href=\"/new-arrival-toupee/\" {{#contains category.url '/new-arrival-toupee/'}}class='clicked'{{/contains}}>New Arrival</a>\r\n                </div>\r\n            </div>\r\n            \r\n        </div>\r\n        {{/lengthEqual}}\r\n        {{#lengthEqual breadcrumbs 5}}\r\n\r\n        <div style=\" height: 100%;\">\r\n            <div id=\"filter8\" class=\"pl-filter-wrap\">\r\n                <div>\r\n                    <img src=\"/content/images/common/filter.svg\"> Filter By\r\n                </div>\r\n            </div>\r\n            <span class=\"shortcut-overlay\"></span>\r\n            <div class=\"shortcut-cate1\">\r\n                <div class=\"shortcut-cateClose\">\r\n                        ×\r\n                </div>\r\n                <h2>Categories</h2>\r\n                <div class=\"shortcut-cate\">\r\n                    <!-- {{#each categories.[0].children}}\r\n                    {{#if name '==' 'Promotions'}}\r\n                        {{#each children}}\r\n                    <a href=\"{{url}}\" {{#contains category.url \"/new-arrival-toupees/\"}} class='clicked'{{/contains}}>{{name}}</a>\r\n\r\n                        {{/each}}\r\n                    {{/if}}\r\n                {{/each}} -->\r\n                    <a href=\"/promotions-for-men/\"  {{#contains category.url '/promotions-for-men/'}}class='clicked'{{/contains}}>All Items</a>\r\n                    <a href=\"/price-drop-for-mens-hair-pieces/\" {{#contains category.url '/price-drop-for-mens-hair-pieces/'}}class='clicked'{{/contains}}>Price Drop</a>\r\n\r\n                    <a href=\"/men/promotions/on-sale/10-off/\" {{#contains category.url '/men/promotions/on-sale/10-off/'}}class='clicked'{{/contains}}>10% OFF</a>\r\n\r\n                    <a href=\"/men/promotions/on-sale/20-off/\" {{#contains category.url '/men/promotions/on-sale/20-off/'}}class='clicked'{{/contains}}>$20 OFF</a>\r\n                    <a href=\"/men/promotions/on-sale/50-off/\" {{#contains category.url '/men/promotions/on-sale/50-off/'}}class='clicked'{{/contains}}>$50 OFF</a>\r\n                </div>\r\n            </div>\r\n            \r\n        </div>\r\n        {{/lengthEqual}}\r\n    {{/if}}\r\n    {{#if breadcrumbs.[2].name '==' 'Custom Made'}}\r\n        {{#lengthEqual breadcrumbs 4}}\r\n        <div style=\" height: 100%;\">\r\n            <div id=\"filter8\" class=\"pl-filter-wrap\">\r\n                <div>\r\n                    <img src=\"/content/images/common/filter.svg\"> Filter By\r\n                </div>\r\n            </div>\r\n            <span class=\"shortcut-overlay\"></span>\r\n            <div class=\"shortcut-cate1\">\r\n                <div class=\"shortcut-cateClose\">\r\n                        ×\r\n                </div>\r\n                <h2>Categories</h2>\r\n                <div class=\"shortcut-cate\">\r\n                    <a href=\"/men/custom-made/\"  >All Items</a>\r\n                    <a href=\"/men/custom-made/salon-quick-order/\" {{#contains category.url '/men/custom-made/salon-quick-order/'}}class='clicked'{{/contains}}>Salon Quick Order</a>\r\n                    <a href=\"/custom-made-mens-toupees-hairpieces/\" {{#contains category.url '/custom-made-mens-toupees-hairpieces/'}}class='clicked'{{/contains}}>Custom Made Toupee</a>\r\n                    <a href=\"/men/custom-made/custom-made-full-cap-wig/\" {{#contains category.url '/men/custom-made/custom-made-full-cap-wig/'}}class='clicked'{{/contains}}>Custom Made Full Cap Wig</a>\r\n                    <a href=\"/men/repair/\" {{#contains category.url '/men/repair/'}}class='clicked'{{/contains}}>Repair</a>\r\n                    <a href=\"/custom-made-hair-patches-for-men/\" {{#contains category.url '/custom-made-hair-patches-for-men/'}}class='clicked'{{/contains}}>Small Hair Patch</a>\r\n                    <a href=\"/customized-stock-hairpieces-for-men/\" {{#contains category.url '/customized-stock-hairpieces-for-men/'}}class='clicked'{{/contains}}>Customized Stock</a>\r\n                    <a href=\"/men/custom-made/design-tools/\" {{#contains category.url '/men/custom-made/design-tools/'}}class='clicked'{{/contains}}>Design Tools</a>\r\n                </div>\r\n            </div>\r\n            \r\n        </div>\r\n        {{else lengthEqual breadcrumbs 5}}\r\n            <div style=\" height: 100%;\">\r\n                <div id=\"filter8\" class=\"pl-filter-wrap\">\r\n                    <div>\r\n                        <img src=\"/content/images/common/filter.svg\"> Filter By\r\n                    </div>\r\n                </div>\r\n                <span class=\"shortcut-overlay\"></span>\r\n                <div class=\"shortcut-cate1\">\r\n                    <div class=\"shortcut-cateClose\">\r\n                            ×\r\n                    </div>\r\n                    <h2>Categories</h2>\r\n                    <div class=\"shortcut-cate\">\r\n                        <a href=\"/men/custom-made/\">All Items</a>\r\n                        <a href=\"/men/custom-made/custom-made-full-cap-wig/1-full-skin/\" {{#contains category.url '/men/custom-made/custom-made-full-cap-wig/1-full-skin/'}}class='clicked'{{/contains}}>#1 Full Skin</a>\r\n                        <a href=\"/men/custom-made/custom-made-full-cap-wig/2-mono-top/\" {{#contains category.url '/men/custom-made/custom-made-full-cap-wig/2-mono-top/'}}class='clicked'{{/contains}}>#2 Mono Top</a>\r\n                        <a href=\"/men/custom-made/custom-made-full-cap-wig/4-lace-front-mono-top/\" {{#contains category.url '/men/custom-made/custom-made-full-cap-wig/4-lace-front-mono-top/'}}class='clicked'{{/contains}}>#4 Lace Front Mono Top</a>\r\n                        <a href=\"/men/custom-made/custom-made-full-cap-wig/5-french-lace/\" {{#contains category.url '/men/custom-made/custom-made-full-cap-wig/5-french-lace/'}}class='clicked'{{/contains}}>#5 French Lace</a>\r\n                        <a href=\"/men/custom-made/custom-made-full-cap-wig/5b-french-lace-poly-around/\" {{#contains category.url '/men/custom-made/custom-made-full-cap-wig/5b-french-lace-poly-around/'}}class='clicked'{{/contains}}>#5B French Lace Poly Around</a>\r\n                        <a href=\"/men/custom-made/custom-made-full-cap-wig/6-lace-with-poly-side-back/\" {{#contains category.url '/men/custom-made/custom-made-full-cap-wig/6-lace-with-poly-side-back/'}}class='clicked'{{/contains}}>#6 Lace with Poly Side Back</a>\r\n                        <a href=\"/men/custom-made/custom-made-full-cap-wig/7-fine-welded-lace-poly-side-back/\" {{#contains category.url '/men/custom-made/custom-made-full-cap-wig/7-fine-welded-lace-poly-side-back/'}}class='clicked'{{/contains}}>#7 Fine Welded Lace Poly Side Back</a>\r\n                    </div>\r\n                </div>\r\n            </div>\r\n        {{/lengthEqual}}\r\n    {{/if}}\r\n    {{#if breadcrumbs.[2].name '==' 'Services'}}\r\n        {{#lengthEqual breadcrumbs 4}}\r\n            <div style=\" height: 100%;\">\r\n                <div id=\"filter8\" class=\"pl-filter-wrap\">\r\n                    <div>\r\n                        <img src=\"/content/images/common/filter.svg\"> Filter By\r\n                    </div>\r\n                </div>\r\n                <span class=\"shortcut-overlay\"></span>\r\n                <div class=\"shortcut-cate1\">\r\n                    <div class=\"shortcut-cateClose\">\r\n                            ×\r\n                    </div>\r\n                    <h2>Categories</h2>\r\n                    <div class=\"shortcut-cate\">\r\n                        <a href=\"/men/services/\"  {{#contains category.url '/men/services/'}}class='clicked'{{/contains}}>All Services</a>\r\n                        <a href=\"/men/services/hairpiece-services/\" {{#contains category.url '/men/services/hairpiece-services/'}}class='clicked'{{/contains}}>Hairpiece Services</a>\r\n                    </div>\r\n                </div>\r\n            </div>\r\n        {{else lengthEqual breadcrumbs 5}}\r\n            <div style=\" height: 100%;\">\r\n                <div id=\"filter8\" class=\"pl-filter-wrap\">\r\n                    <div>\r\n                        <img src=\"/content/images/common/filter.svg\"> Filter By\r\n                    </div>\r\n                </div>\r\n                <span class=\"shortcut-overlay\"></span>\r\n                <div class=\"shortcut-cate1\">\r\n                    <div class=\"shortcut-cateClose\">\r\n                            ×\r\n                    </div>\r\n                    <h2>Categories</h2>\r\n                    <div class=\"shortcut-cate\">\r\n                        <a href=\"/men/services/\"  {{#contains category.url '/men/services/'}}class='clicked'{{/contains}}>All Services</a>\r\n                        <a href=\"/online-hairpiece-maintenance/\" {{#contains category.url '/online-hairpiece-maintenance/'}}class='clicked'{{/contains}}>Hairpiece Maintenance</a>\r\n                        <a href=\"/hairpiece-cutting-styling/\" {{#contains category.url '/hairpiece-cutting-styling/'}}class='clicked'{{/contains}}>Hairpiece Cutting & Styling</a>\r\n                        <a href=\"/men/pre-attach-services/\" {{#contains category.url '/men/pre-attach-services/'}}class='clicked'{{/contains}}>Pre-Attach Services</a>\r\n                    </div>\r\n                </div>\r\n            </div>\r\n            {{else lengthEqual breadcrumbs 6}}\r\n                {{#if breadcrumbs.[4].name '==' 'Pre-Attach Services'}}\r\n                    <div style=\" height: 100%;\">\r\n                        <div id=\"filter8\" class=\"pl-filter-wrap\">\r\n                            <div>\r\n                                <img src=\"/content/images/common/filter.svg\"> Filter By\r\n                            </div>\r\n                        </div>\r\n                        <span class=\"shortcut-overlay\"></span>\r\n                        <div class=\"shortcut-cate1\">\r\n                            <div class=\"shortcut-cateClose\">\r\n                                    ×\r\n                            </div>\r\n                            <h2>Categories</h2>\r\n                            <div class=\"shortcut-cate\">\r\n                                <a href=\"/men/services/\"  {{#contains category.url '/men/services/'}}class='clicked'{{/contains}}>All Services</a>\r\n                                <a href=\"/men/pre-attach-services/bleach-knot-service/\" {{#contains category.url '/men/pre-attach-services/bleach-knot-service/'}}class='clicked'{{/contains}}>Bleach Knot Service</a>\r\n                                <a href=\"/men/pre-attach-services/clips-sew-on/\" {{#contains category.url '/men/pre-attach-services/clips-sew-on/'}}class='clicked'{{/contains}}>Clips Sew On</a>\r\n                                <a href=\"/men/pre-attach-services/density-thin-down-service/\" {{#contains category.url '/men/pre-attach-services/density-thin-down-service/'}}class='clicked'{{/contains}}>Density Thin Down Service</a>\r\n                                <a href=\"/men/pre-attach-services/front-lace-cut-out/\" {{#contains category.url '/men/pre-attach-services/front-lace-cut-out/'}}class='clicked'{{/contains}}>Front Lace Cut Out</a>\r\n                            </div>\r\n                        </div>\r\n                    </div>\r\n                {{else if breadcrumbs.[4].name '==' 'Hairpiece Cutting & Styling'}}\r\n                    <div style=\" height: 100%;\">\r\n                        <div id=\"filter8\" class=\"pl-filter-wrap\">\r\n                            <div>\r\n                                <img src=\"/content/images/common/filter.svg\"> Filter By\r\n                            </div>\r\n                        </div>\r\n                        <span class=\"shortcut-overlay\"></span>\r\n                        <div class=\"shortcut-cate1\">\r\n                            <div class=\"shortcut-cateClose\">\r\n                                    ×\r\n                            </div>\r\n                            <h2>Categories</h2>\r\n                            <div class=\"shortcut-cate\">\r\n                                <a href=\"/men/services/\"  {{#contains category.url '/men/services/'}}class='clicked'{{/contains}}>All Services</a>\r\n                                <a href=\"/men/services/hairpiece-services/hairpiece-cutting-styling/mens-hairpiece-cutting/\" {{#contains category.url '/men/services/hairpiece-services/hairpiece-cutting-styling/mens-hairpiece-cutting/'}}class='clicked'{{/contains}}>Men's Hairpiece Cutting</a>\r\n                                <a href=\"/men/hairpiece-styling/perm-hairpiece/\" {{#contains category.url '/men/hairpiece-styling/perm-hairpiece/'}}class='clicked'{{/contains}}>Perm Hairpiece</a>\r\n                            </div>\r\n                        </div>\r\n                    </div>\r\n                {{/if}}\r\n            {{else lengthEqual breadcrumbs 7}}\r\n                {{#if breadcrumbs.[5].name '==' \"Men's Hairpiece Cutting\"}}\r\n                    <div style=\" height: 100%;\">\r\n                        <div id=\"filter8\" class=\"pl-filter-wrap\">\r\n                            <div>\r\n                                <img src=\"/content/images/common/filter.svg\"> Filter By\r\n                            </div>\r\n                        </div>\r\n                        <span class=\"shortcut-overlay\"></span>\r\n                        <div class=\"shortcut-cate1\">\r\n                            <div class=\"shortcut-cateClose\">\r\n                                    ×\r\n                            </div>\r\n                            <h2>Categories</h2>\r\n                            <div class=\"shortcut-cate\">\r\n                                <a href=\"/men/services/\"  {{#contains category.url '/men/services/'}}class='clicked'{{/contains}}>All Services</a>\r\n                                <a href=\"/men/hairpiece-styling/mens-hairpiece-styling/all-styling/\" {{#contains category.url '/men/hairpiece-styling/mens-hairpiece-styling/all-styling/'}}class='clicked'{{/contains}}>All Styling</a>\r\n                                <a href=\"/men/hairpiece-styling/mens-hairpiece-styling/long-hair/\" {{#contains category.url '/men/hairpiece-styling/mens-hairpiece-styling/long-hair/'}}class='clicked'{{/contains}}>Long Hair</a>\r\n                                <a href=\"/men/hairpiece-styling/mens-hairpiece-styling/medium-length/\" {{#contains category.url '/men/hairpiece-styling/mens-hairpiece-styling/medium-length/'}}class='clicked'{{/contains}}>Medium Length</a>\r\n                                <a href=\"/men/hairpiece-styling/mens-hairpiece-styling/short-cut/\" {{#contains category.url '/men/hairpiece-styling/mens-hairpiece-styling/short-cut/'}}class='clicked'{{/contains}}>Short Cut</a>\r\n                            </div>\r\n                        </div>\r\n                    </div>\r\n                {{/if}}\r\n        {{/lengthEqual}}\r\n{{/if}}\r\n    {{#lengthEqual breadcrumbs 3}} \r\n        {{#if breadcrumbs.[2].name '==' 'In Stock'}}\r\n        <div style=\" height: 100%;\">\r\n            <div id=\"filter8\" class=\"pl-filter-wrap\">\r\n                <div>\r\n                    <img src=\"/content/images/common/filter.svg\"> Filter By\r\n                </div>\r\n            </div>\r\n            <span class=\"shortcut-overlay\"></span>\r\n            <div class=\"shortcut-cate1\">\r\n                <div class=\"shortcut-cateClose\">\r\n                        ×\r\n                </div>\r\n                <h2>Categories</h2>\r\n                <div class=\"shortcut-cate\">\r\n                    <a href=\"/men/in-stock/\" {{#contains category.url '/men/in-stock/'}}class='clicked'{{/contains}}>All Items</a>\r\n                    <a href=\"/monofilament-hair-systems/\" {{#contains category.url '/monofilament-hair-systems/'}}class='clicked'{{/contains}}>Base | Mono</a>\r\n                    <a href=\"/lace-hair-systems/\" {{#contains category.url '/lace-hair-systems/'}}class='clicked'{{/contains}}>Base | Lace</a>\r\n                    <a href=\"/thin-skin-hair-systems/\" {{#contains category.url '/thin-skin-hair-systems/'}}class='clicked'{{/contains}}>Base | Skin</a>\r\n                    <a href=\"/lace-with-poly-hair-systems/\" {{#contains category.url '/lace-with-poly-hair-systems/'}}class='clicked'{{/contains}}>Base | Lace Front</a>\r\n                    <a href=\"/small-size-toupees/\" {{#contains category.url '/small-size-toupees/'}}class='clicked'{{/contains}}>Size | Small</a>\r\n                    <a href=\"/medium-size-toupees/\" {{#contains category.url '/medium-size-toupees/'}}class='clicked'{{/contains}}>Size | Medium</a>\r\n                    <a href=\"/large-size-toupees/\" {{#contains category.url '/large-size-toupees/'}}class='clicked'{{/contains}}>Size | Large</a>\r\n                    <a href=\"/men/in-stock/search-by-hair-density/light-density-90/\" {{#contains category.url '/men/in-stock/search-by-hair-density/light-density-90/'}}class='clicked'{{/contains}}>Density | Light</a>\r\n                    <a href=\"/men/in-stock/search-by-hair-density/light-to-medium-110/\" {{#contains category.url '/men/in-stock/search-by-hair-density/light-to-medium-110/'}}class='clicked'{{/contains}}>Density | Light to Medium</a>\r\n                    <a href=\"/men/in-stock/search-by-hair-density/medium-120/\" {{#contains category.url '/men/in-stock/search-by-hair-density/medium-120/'}}class='clicked'{{/contains}}>Density | Medium</a>\r\n                    <a href=\"/men/in-stock/search-by-hair-density/medium-to-medium-heavy-130/\" {{#contains category.url '/men/in-stock/search-by-hair-density/medium-to-medium-heavy-130/'}}class='clicked'{{/contains}}>Density | Medium to Medium Heavy</a>\r\n                    <a href=\"/regular-human-hair/\" {{#contains category.url '/regular-human-hair/'}}class='clicked'{{/contains}}>Hair | Human Hair</a>\r\n                    <a href=\"/european-human-hair/\" {{#contains category.url '/european-human-hair/'}}class='clicked'{{/contains}}>Hair | European Human Hair</a>   \r\n                </div>\r\n            </div>\r\n            \r\n        </div>\r\n        {{/if}}\r\n    {{else lengthEqual breadcrumbs 4}}\r\n        {{#if breadcrumbs.[3].name '==' 'Toupees'}}\r\n            <div style=\" height: 100%;\">\r\n                <div id=\"filter8\" class=\"pl-filter-wrap\"><img src=\"/content/images/common/filter.svg\"> Filter By</div>\r\n                <span class=\"shortcut-overlay\"></span>\r\n                <div class=\"shortcut-cate1\">\r\n                    <div class=\"shortcut-cateClose\">\r\n                        ×\r\n                    </div>\r\n                <h2>Categories</h2>\r\n                <div class=\"shortcut-cate\">\r\n                    <a href=\"/men/in-stock/all-stock-items/\" {{#contains category.url '/men/in-stock/all-stock-items/'}}class='clicked'{{/contains}}>All Items</a>\r\n                    <a href=\"/thin-skin-hair-systems/\" {{#contains category.url '/thin-skin-hair-systems/'}}class='clicked'{{/contains}}>Base | Skin</a>\r\n                    <a href=\"/monofilament-hair-systems/\" {{#contains category.url \"/monofilament-hair-systems/\"}}class='clicked'{{/contains}}>Base | Mono</a>\r\n                    <a href=\"/lace-hair-systems/\" {{#contains category.url \"/lace-hair-systems/\"}}class='clicked'{{/contains}}>Base | Lace</a>\r\n                    <a href=\"/lace-with-poly-hair-systems/\" {{#contains category.url \"/lace-with-poly-hair-systems/\"}}class='clicked'{{/contains}}>Base | Lace with poly</a>\r\n                    <a href=\"/small-size-toupees/\" {{#contains category.url \"/small-size-toupees/\"}}class='clicked'{{/contains}}>Size | Small</a>\r\n                    <a href=\"/medium-size-toupees/\" {{#contains category.url \"/medium-size-toupees/\"}}class='clicked'{{/contains}}>Size | Medium</a>\r\n                    <a href=\"/large-size-toupees/\" {{#contains category.url \"/large-size-toupees/\"}}class='clicked'{{/contains}}>Size | Large</a>\r\n                    <a href=\"/universal-size-toupee/\" {{#contains category.url \"/universal-size-toupee/\" }}class='clicked'{{/contains}}>Size | Universal</a>\r\n                    <a href=\"/full-cap-wigs-for-men/\" {{#contains category.url \"/full-cap-wigs-for-men/\"}}class='clicked'{{/contains}}>Size | Full Cap Wig</a>\r\n                    <a href=\"/men/in-stock/search-by-hair-density/light-density-90/\" {{#contains category.url \"/men/in-stock/search-by-hair-density/light-density-90/\"}}class='clicked'{{/contains}}>Density | Light</a>\r\n                    <a href=\"/men/in-stock/search-by-hair-density/light-to-medium-110/\" {{#contains category.url \"/men/in-stock/search-by-hair-density/light-to-medium-110/\"}}class='clicked'{{/contains}}>Density | Light to Medium</a>\r\n                    <a href=\"/men/in-stock/search-by-hair-density/medium-120/\" {{#contains category.url \"/men/in-stock/search-by-hair-density/medium-120/\"}}class='clicked'{{/contains}}>Density | Medium</a>\r\n                    <a href=\"/men/in-stock/search-by-hair-density/medium-to-medium-heavy-130/\" {{#contains category.url \"/men/in-stock/search-by-hair-density/medium-to-medium-heavy-130/\"}}class='clicked'{{/contains}}>Density | Medium to Medium Heavy</a>\r\n                    <a href=\"/regular-human-hair/\" {{#contains category.url \"/regular-human-hair/\"}}class='clicked'{{/contains}}>Hair | Regular</a>\r\n                    <a href=\"/basic-human-hair/\" {{#contains category.url \"/basic-human-hair/\"}}class='clicked'{{/contains}}>Hair | Basic</a>\r\n                    <a href=\"/european-human-hair/\" {{#contains category.url \"/european-human-hair/\"}}class='clicked'{{/contains}}>Hair | European</a>\r\n                    <a href=\"/afro-permed-human-hair/\" {{#contains category.url \"/afro-permed-human-hair/\"}}class='clicked'{{/contains}}>Hair | Afro & Permed</a>\r\n                </div>\r\n                </div>\r\n            </div>\r\n        {{/if}}\r\n    {{/lengthEqual}}\r\n    {{#if breadcrumbs.[2].name '==' 'By Base Type'}}\r\n        <div style=\" height: 100%;\">\r\n            <div id=\"filter8\" class=\"pl-filter-wrap\"><img src=\"/content/images/common/filter.svg\"> Filter By</div>\r\n            <span class=\"shortcut-overlay\"></span>\r\n            <div class=\"shortcut-cate1\">\r\n                <div class=\"shortcut-cateClose\">\r\n                        ×\r\n                </div>\r\n            <h2>Categories</h2>\r\n            <div class=\"shortcut-cate\">\r\n                <a href=\"/men/in-stock/all-stock-items/\" {{#contains category.url '/men/in-stock/all-stock-items/'}}class='clicked'{{/contains}}>All Items</a>\r\n                <a href=\"/thin-skin-hair-systems/\" {{#contains category.url '/thin-skin-hair-systems/'}}class='clicked'{{/contains}}>Base | Skin</a>\r\n                <a href=\"/monofilament-hair-systems/\" {{#contains category.url \"/monofilament-hair-systems/\"}}class='clicked'{{/contains}}>Base | Mono</a>\r\n                <a href=\"/lace-hair-systems/\" {{#contains category.url \"/lace-hair-systems/\"}}class='clicked'{{/contains}}>Base | Lace</a>\r\n                <a href=\"/lace-with-poly-hair-systems/\" {{#contains category.url \"/lace-with-poly-hair-systems/\"}}class='clicked'{{/contains}}>Base | Lace with poly</a>\r\n                <a href=\"/small-size-toupees/\" {{#contains category.url \"/small-size-toupees/\"}}class='clicked'{{/contains}}>Size | Small</a>\r\n                <a href=\"/medium-size-toupees/\" {{#contains category.url \"/medium-size-toupees/\"}}class='clicked'{{/contains}}>Size | Medium</a>\r\n                <a href=\"/large-size-toupees/\" {{#contains category.url \"/large-size-toupees/\"}}class='clicked'{{/contains}}>Size | Large</a>\r\n                <a href=\"/universal-size-toupee/\" {{#contains category.url \"/universal-size-toupee/\" }}class='clicked'{{/contains}}>Size | Universal</a>\r\n                <a href=\"/full-cap-wigs-for-men/\" {{#contains category.url \"/full-cap-wigs-for-men/\"}}class='clicked'{{/contains}}>Size | Full Cap Wig</a>\r\n                <a href=\"/men/in-stock/search-by-hair-density/light-density-90/\" {{#contains category.url \"/men/in-stock/search-by-hair-density/light-density-90/\"}}class='clicked'{{/contains}}>Density | Light</a>\r\n                <a href=\"/men/in-stock/search-by-hair-density/light-to-medium-110/\" {{#contains category.url \"/men/in-stock/search-by-hair-density/light-to-medium-110/\"}}class='clicked'{{/contains}}>Density | Light to Medium</a>\r\n                <a href=\"/men/in-stock/search-by-hair-density/medium-120/\" {{#contains category.url \"/men/in-stock/search-by-hair-density/medium-120/\"}}class='clicked'{{/contains}}>Density | Medium</a>\r\n                <a href=\"/men/in-stock/search-by-hair-density/medium-to-medium-heavy-130/\" {{#contains category.url \"/men/in-stock/search-by-hair-density/medium-to-medium-heavy-130/\"}}class='clicked'{{/contains}}>Density | Medium to Medium Heavy</a>\r\n                <a href=\"/regular-human-hair/\" {{#contains category.url \"/regular-human-hair/\"}}class='clicked'{{/contains}}>Hair | Regular</a>\r\n                <a href=\"/basic-human-hair/\" {{#contains category.url \"/basic-human-hair/\"}}class='clicked'{{/contains}}>Hair | Basic</a>\r\n                <a href=\"/european-human-hair/\" {{#contains category.url \"/european-human-hair/\"}}class='clicked'{{/contains}}>Hair | European</a>\r\n                <a href=\"/afro-permed-human-hair/\" {{#contains category.url \"/afro-permed-human-hair/\"}}class='clicked'{{/contains}}>Hair | Afro & Permed</a>\r\n            </div>\r\n            </div>\r\n        </div>\r\n    {{else if breadcrumbs.[2].name '==' 'By Cap Size'}}\r\n        <div style=\" height: 100%;\">\r\n            <div id=\"filter8\" class=\"pl-filter-wrap\"><img src=\"/content/images/common/filter.svg\"> Filter By</div>\r\n            <span class=\"shortcut-overlay\"></span>\r\n            <div class=\"shortcut-cate1\">\r\n                <div class=\"shortcut-cateClose\">\r\n                        ×\r\n                </div>\r\n            <h2>Categories</h2>\r\n            <div class=\"shortcut-cate\">\r\n                <a href=\"/men/in-stock/all-stock-items/\" {{#contains category.url '/men/in-stock/all-stock-items/'}}class='clicked'{{/contains}}>All Items</a>\r\n                <a href=\"/thin-skin-hair-systems/\" {{#contains category.url '/thin-skin-hair-systems/'}}class='clicked'{{/contains}}>Base | Skin</a>\r\n                <a href=\"/monofilament-hair-systems/\" {{#contains category.url \"/monofilament-hair-systems/\"}}class='clicked'{{/contains}}>Base | Mono</a>\r\n                <a href=\"/lace-hair-systems/\" {{#contains category.url \"/lace-hair-systems/\"}}class='clicked'{{/contains}}>Base | Lace</a>\r\n                <a href=\"/lace-with-poly-hair-systems/\" {{#contains category.url \"/lace-with-poly-hair-systems/\"}}class='clicked'{{/contains}}>Base | Lace with poly</a>\r\n                <a href=\"/small-size-toupees/\" {{#contains category.url \"/small-size-toupees/\"}}class='clicked'{{/contains}}>Size | Small</a>\r\n                <a href=\"/medium-size-toupees/\" {{#contains category.url \"/medium-size-toupees/\"}}class='clicked'{{/contains}}>Size | Medium</a>\r\n                <a href=\"/large-size-toupees/\" {{#contains category.url \"/large-size-toupees/\"}}class='clicked'{{/contains}}>Size | Large</a>\r\n                <a href=\"/universal-size-toupee/\" {{#contains category.url \"/universal-size-toupee/\" }}class='clicked'{{/contains}}>Size | Universal</a>\r\n                <a href=\"/full-cap-wigs-for-men/\" {{#contains category.url \"/full-cap-wigs-for-men/\"}}class='clicked'{{/contains}}>Size | Full Cap Wig</a>\r\n                <a href=\"/men/in-stock/search-by-hair-density/light-density-90/\" {{#contains category.url \"/men/in-stock/search-by-hair-density/light-density-90/\"}}class='clicked'{{/contains}}>Density | Light</a>\r\n                <a href=\"/men/in-stock/search-by-hair-density/light-to-medium-110/\" {{#contains category.url \"/men/in-stock/search-by-hair-density/light-to-medium-110/\"}}class='clicked'{{/contains}}>Density | Light to Medium</a>\r\n                <a href=\"/men/in-stock/search-by-hair-density/medium-120/\" {{#contains category.url \"/men/in-stock/search-by-hair-density/medium-120/\"}}class='clicked'{{/contains}}>Density | Medium</a>\r\n                <a href=\"/men/in-stock/search-by-hair-density/medium-to-medium-heavy-130/\" {{#contains category.url \"/men/in-stock/search-by-hair-density/medium-to-medium-heavy-130/\"}}class='clicked'{{/contains}}>Density | Medium to Medium Heavy</a>\r\n                <a href=\"/regular-human-hair/\" {{#contains category.url \"/regular-human-hair/\"}}class='clicked'{{/contains}}>Hair | Regular</a>\r\n                <a href=\"/basic-human-hair/\" {{#contains category.url \"/basic-human-hair/\"}}class='clicked'{{/contains}}>Hair | Basic</a>\r\n                <a href=\"/european-human-hair/\" {{#contains category.url \"/european-human-hair/\"}}class='clicked'{{/contains}}>Hair | European</a>\r\n                <a href=\"/afro-permed-human-hair/\" {{#contains category.url \"/afro-permed-human-hair/\"}}class='clicked'{{/contains}}>Hair | Afro & Permed</a>\r\n            </div>\r\n            </div>\r\n        </div>\r\n    {{else if breadcrumbs.[2].name '==' 'By Hair Type'}}\r\n        <div style=\"height: 100%;\">\r\n            <div id=\"filter8\" class=\"pl-filter-wrap\"><img src=\"/content/images/common/filter.svg\"> Filter By</div>\r\n            <span class=\"shortcut-overlay\"></span>\r\n            <div class=\"shortcut-cate1\">\r\n                <div class=\"shortcut-cateClose\">\r\n                        ×\r\n                </div>\r\n            <h2>Categories</h2>\r\n            <div class=\"shortcut-cate\">\r\n                <a href=\"/men/in-stock/all-stock-items/\" {{#contains category.url '/men/in-stock/all-stock-items/'}}class='clicked'{{/contains}}>All Items</a>\r\n                <a href=\"/thin-skin-hair-systems/\" {{#contains category.url '/thin-skin-hair-systems/'}}class='clicked'{{/contains}}>Base | Skin</a>\r\n                <a href=\"/monofilament-hair-systems/\" {{#contains category.url \"/monofilament-hair-systems/\"}}class='clicked'{{/contains}}>Base | Mono</a>\r\n                <a href=\"/lace-hair-systems/\" {{#contains category.url \"/lace-hair-systems/\"}}class='clicked'{{/contains}}>Base | Lace</a>\r\n                <a href=\"/lace-with-poly-hair-systems/\" {{#contains category.url \"/lace-with-poly-hair-systems/\"}}class='clicked'{{/contains}}>Base | Lace with poly</a>\r\n                <a href=\"/small-size-toupees/\" {{#contains category.url \"/small-size-toupees/\"}}class='clicked'{{/contains}}>Size | Small</a>\r\n                <a href=\"/medium-size-toupees/\" {{#contains category.url \"/medium-size-toupees/\"}}class='clicked'{{/contains}}>Size | Medium</a>\r\n                <a href=\"/large-size-toupees/\" {{#contains category.url \"/large-size-toupees/\"}}class='clicked'{{/contains}}>Size | Large</a>\r\n                <a href=\"/universal-size-toupee/\" {{#contains category.url \"/universal-size-toupee/\" }}class='clicked'{{/contains}}>Size | Universal</a>\r\n                <a href=\"/full-cap-wigs-for-men/\" {{#contains category.url \"/full-cap-wigs-for-men/\"}}class='clicked'{{/contains}}>Size | Full Cap Wig</a>\r\n                <a href=\"/men/in-stock/search-by-hair-density/light-density-90/\" {{#contains category.url \"/men/in-stock/search-by-hair-density/light-density-90/\"}}class='clicked'{{/contains}}>Density | Light</a>\r\n                <a href=\"/men/in-stock/search-by-hair-density/light-to-medium-110/\" {{#contains category.url \"/men/in-stock/search-by-hair-density/light-to-medium-110/\"}}class='clicked'{{/contains}}>Density | Light to Medium</a>\r\n                <a href=\"/men/in-stock/search-by-hair-density/medium-120/\" {{#contains category.url \"/men/in-stock/search-by-hair-density/medium-120/\"}}class='clicked'{{/contains}}>Density | Medium</a>\r\n                <a href=\"/men/in-stock/search-by-hair-density/medium-to-medium-heavy-130/\" {{#contains category.url \"/men/in-stock/search-by-hair-density/medium-to-medium-heavy-130/\"}}class='clicked'{{/contains}}>Density | Medium to Medium Heavy</a>\r\n                <a href=\"/regular-human-hair/\" {{#contains category.url \"/regular-human-hair/\"}}class='clicked'{{/contains}}>Hair | Regular</a>\r\n                <a href=\"/basic-human-hair/\" {{#contains category.url \"/basic-human-hair/\"}}class='clicked'{{/contains}}>Hair | Basic</a>\r\n                <a href=\"/european-human-hair/\" {{#contains category.url \"/european-human-hair/\"}}class='clicked'{{/contains}}>Hair | European</a>\r\n                <a href=\"/afro-permed-human-hair/\" {{#contains category.url \"/afro-permed-human-hair/\"}}class='clicked'{{/contains}}>Hair | Afro & Permed</a>\r\n            </div>\r\n            </div>\r\n        </div>\r\n    {{else if breadcrumbs.[3].name '==' 'Search by Hair Density'}}\r\n        <div style=\"height: 100%;\">\r\n            <div id=\"filter8\" class=\"pl-filter-wrap\"><img src=\"/content/images/common/filter.svg\"> Filter By</div>\r\n            <span class=\"shortcut-overlay\"></span>\r\n            <div class=\"shortcut-cate1\">\r\n                <div class=\"shortcut-cateClose\">\r\n                        ×\r\n                </div>\r\n            <h2>Categories</h2>\r\n            <div class=\"shortcut-cate\">\r\n                <a href=\"/men/in-stock/all-stock-items/\" {{#contains category.url '/men/in-stock/all-stock-items/'}}class='clicked'{{/contains}}>All Items</a>\r\n                <a href=\"/thin-skin-hair-systems/\" {{#contains category.url '/thin-skin-hair-systems/'}}class='clicked'{{/contains}}>Base | Skin</a>\r\n                <a href=\"/monofilament-hair-systems/\" {{#contains category.url \"/monofilament-hair-systems/\"}}class='clicked'{{/contains}}>Base | Mono</a>\r\n                <a href=\"/lace-hair-systems/\" {{#contains category.url \"/lace-hair-systems/\"}}class='clicked'{{/contains}}>Base | Lace</a>\r\n                <a href=\"/lace-with-poly-hair-systems/\" {{#contains category.url \"/lace-with-poly-hair-systems/\"}}class='clicked'{{/contains}}>Base | Lace with poly</a>\r\n                <a href=\"/small-size-toupees/\" {{#contains category.url \"/small-size-toupees/\"}}class='clicked'{{/contains}}>Size | Small</a>\r\n                <a href=\"/medium-size-toupees/\" {{#contains category.url \"/medium-size-toupees/\"}}class='clicked'{{/contains}}>Size | Medium</a>\r\n                <a href=\"/large-size-toupees/\" {{#contains category.url \"/large-size-toupees/\"}}class='clicked'{{/contains}}>Size | Large</a>\r\n                <a href=\"/universal-size-toupee/\" {{#contains category.url \"/universal-size-toupee/\" }}class='clicked'{{/contains}}>Size | Universal</a>\r\n                <a href=\"/full-cap-wigs-for-men/\" {{#contains category.url \"/full-cap-wigs-for-men/\"}}class='clicked'{{/contains}}>Size | Full Cap Wig</a>\r\n                <a href=\"/men/in-stock/search-by-hair-density/light-density-90/\" {{#contains category.url \"/men/in-stock/search-by-hair-density/light-density-90/\"}}class='clicked'{{/contains}}>Density | Light</a>\r\n                <a href=\"/men/in-stock/search-by-hair-density/light-to-medium-110/\" {{#contains category.url \"/men/in-stock/search-by-hair-density/light-to-medium-110/\"}}class='clicked'{{/contains}}>Density | Light to Medium</a>\r\n                <a href=\"/men/in-stock/search-by-hair-density/medium-120/\" {{#contains category.url \"/men/in-stock/search-by-hair-density/medium-120/\"}}class='clicked'{{/contains}}>Density | Medium</a>\r\n                <a href=\"/men/in-stock/search-by-hair-density/medium-to-medium-heavy-130/\" {{#contains category.url \"/men/in-stock/search-by-hair-density/medium-to-medium-heavy-130/\"}}class='clicked'{{/contains}}>Density | Medium to Medium Heavy</a>\r\n                <a href=\"/regular-human-hair/\" {{#contains category.url \"/regular-human-hair/\"}}class='clicked'{{/contains}}>Hair | Regular</a>\r\n                <a href=\"/basic-human-hair/\" {{#contains category.url \"/basic-human-hair/\"}}class='clicked'{{/contains}}>Hair | Basic</a>\r\n                <a href=\"/european-human-hair/\" {{#contains category.url \"/european-human-hair/\"}}class='clicked'{{/contains}}>Hair | European</a>\r\n                <a href=\"/afro-permed-human-hair/\" {{#contains category.url \"/afro-permed-human-hair/\"}}class='clicked'{{/contains}}>Hair | Afro & Permed</a>\r\n            </div>\r\n            </div>\r\n        </div>\r\n    {{/if}}\r\n{{else if breadcrumbs.[1].name '===' 'Women'}}\r\n<div style=\" height: 100%;\">\r\n    <div id=\"filter8\" class=\"pl-filter-wrap\"><img src=\"/content/images/common/filter.svg\">All Items</div>\r\n    <span class=\"shortcut-overlay\"></span>\r\n    <div class=\"shortcut-cate1\">\r\n        <div class=\"shortcut-cateClose\">\r\n                ×\r\n        </div>\r\n    <h2>Categories</h2>\r\n    <!-- <div class=\"shortcut-cate\">\r\n        <a href=\"/women-hair-pieces-toppers-wigs-all-in-stock/\"  {{#contains category.url '/women-hair-pieces-toppers-wigs-all-in-stock/'}}class='clicked'{{/contains}}>All items</a>\r\n    </div> -->\r\n        {{#if breadcrumbs.[2].name '==' 'Promotions'}}\r\n            {{#lengthEqual breadcrumbs 4}}\r\n                    <div class=\"shortcut-cate\">\r\n                        <a href=\"/promotions-for-women/\"  {{#contains category.url '/promotions-for-women/'}}class='clicked'{{/contains}}>All Promotions</a>\r\n                        <a href=\"/on-sale-hair-toppers-wigs/\" {{#contains category.url '/on-sale-hair-toppers-wigs/'}}class='clicked'{{/contains}}>On Sale</a>\r\n                        <a href=\"/new-arrival-hair-toppers-wigs/\" {{#contains category.url '/new-arrival-hair-toppers-wigs/'}}class='clicked'{{/contains}}>New Arrival</a>\r\n                        <a href=\"/women/all-in-stock/limited-edition/\" {{#contains category.url '/women/all-in-stock/limited-edition/'}}class='clicked'{{/contains}}>Limited Edition ✓</a>\r\n                        <a href=\"/women/limited-edition/women-overstock/\" {{#contains category.url '/women/limited-edition/women-overstock/'}}class='clicked'{{/contains}}>Women Overstock</a>\r\n                    </div>\r\n            {{else lengthEqual breadcrumbs 5}}\r\n                {{#if breadcrumbs.[3].name '==' 'On Sale'}}\r\n                <div class=\"shortcut-cate\">\r\n                    <a href=\"/promotions-for-women/\"  {{#contains category.url '/promotions-for-women/'}}class='clicked'{{/contains}}>All Promotions</a>\r\n                    <a href=\"/price-drop-for-womens-hair-pieces/\" {{#contains category.url '/price-drop-for-womens-hair-pieces/'}}class='clicked'{{/contains}}>Price Drop</a>\r\n                    <a href=\"/women/promotions/on-sale/15-off/\" {{#contains category.url '/women/promotions/on-sale/15-off/'}}class='clicked'{{/contains}}>15% OFF</a>\r\n                    <a href=\"/women/promotions/on-sale/50-off/\" {{#contains category.url '/women/promotions/on-sale/50-off/'}}class='clicked'{{/contains}}>$50 OFF</a>\r\n                    <a href=\"/women/promotions/on-sale/90-off/\" {{#contains category.url '/women/promotions/on-sale/90-off/'}}class='clicked'{{/contains}}>$90 OFF</a>\r\n                    <a href=\"/women/promotions/on-sale/extensions\" {{#contains category.url '/women/promotions/on-sale/extensions'}}class='clicked'{{/contains}}>Extensions Sales</a>\r\n                </div>\r\n                {{/if}}\r\n            {{/lengthEqual}}\r\n        {{else if breadcrumbs.[2].name '!=' 'Custom Made'}}\r\n        <h3 class=\"womens_title\">Toppers</h3>\r\n        <div class=\"shortcut-cate2\">\r\n            <div class=\"shortcut-cate\">\r\n                <a href=\"/human-hair-toppers/\"  {{#contains category.url '/human-hair-toppers/'}}class='clicked'{{/contains}}>All Toppers</a>\r\n                <a href=\"/women/in-stock/search-by-hair-length/top-pieces/6-to-8/\" {{#contains category.url '/women/in-stock/search-by-hair-length/top-pieces/6-to-8/'}}class='clicked'{{/contains}}>Hair Length | 6\" to 8\"</a>\r\n                <a href=\"/women/in-stock/search-by-hair-length/top-pieces/10-to-14/\" {{#contains category.url \"/women/in-stock/search-by-hair-length/top-pieces/10-to-14/\"}}class='clicked'{{/contains}}>Hair Length | 10\" to 14\"</a>\r\n                <a href=\"/women/in-stock/search-by-hair-length/top-pieces/16-to-20/\" {{#contains category.url \"/women/in-stock/search-by-hair-length/top-pieces/16-to-20/\"}}class='clicked'{{/contains}}>Hair Length | 16\" to 20\"</a>\r\n                <a href=\"/small-size-hair-toppers/\" {{#contains category.url \"/small-size-hair-toppers/\"}}class='clicked'{{/contains}}>Size | Small</a>\r\n                <a href=\"/medium-size-hair-toppers/\" {{#contains category.url \"/medium-size-hair-toppers/\"}}class='clicked'{{/contains}}>Size | Medium</a>\r\n                <a href=\"/large-size-hair-toppers/\" {{#contains category.url \"/large-size-hair-toppers/\"}}class='clicked'{{/contains}}>Size | Large</a>\r\n                <a href=\"/women/by-cap-size/extra-large-hair-toppers/\" {{#contains category.url \"/women/by-cap-size/extra-large-hair-toppers/\"}}class='clicked'{{/contains}}>Size | Extra Large</a>\r\n                <a href=\"/monofilament-hair-toppers/\" {{#contains category.url \"/monofilament-hair-toppers/\"}}class='clicked'{{/contains}}>Base | Mono</a>\r\n                <a href=\"/lace-hair-toppers/\" {{#contains category.url \"/lace-hair-toppers/\"}}class='clicked'{{/contains}}>Base | Lace</a>\r\n                <a href=\"/skin-hair-toppers/\" {{#contains category.url \"/skin-hair-toppers/\"}}class='clicked'{{/contains}}>Base | Skin</a>\r\n                <a href=\"/regular-human-hair-toppers/\" {{#contains category.url \"/regular-human-hair-toppers/\"}}class='clicked'{{/contains}}>Hair | Regular</a>\r\n                <a href=\"/basic-human-hair-pieces/\" {{#contains category.url \"/basic-human-hair-pieces/\"}}class='clicked'{{/contains}}>Hair | Basic</a>\r\n                <a href=\"/premium-hair-toppers/\" {{#contains category.url \"/premium-hair-toppers/\"}}class='clicked'{{/contains}}>Hair | Premium</a>\r\n            </div>\r\n        </div>\r\n        \r\n        <h3 class=\"womens_title\">Wigs</h3>\r\n        <div class=\"shortcut-cate2\">\r\n            <div class=\"shortcut-cate\">\r\n                <a href=\"/human-hair-wigs-for-women/\"  {{#contains category.url '/human-hair-wigs-for-women/'}}class='clicked'{{/contains}}>All Wigs</a>\r\n                <a href=\"/women/in-stock/search-by-hair-length/full-cap-wigs/finished-length-9-11/\" {{#contains category.url '/women/in-stock/search-by-hair-length/full-cap-wigs/finished-length-9-11/'}}class='clicked'{{/contains}}>Hair Length | 9\" to 11\"</a>\r\n                <a href=\"/women/in-stock/search-by-hair-length/full-cap-wigs/finished-length-12-16/\" {{#contains category.url '/women/in-stock/search-by-hair-length/full-cap-wigs/finished-length-12-16/'}}class='clicked'{{/contains}}>Hair Length | 12\" to 16\"</a>\r\n                <a href=\"/women/in-stock/search-by-hair-length/full-cap-wigs/finished-length-18-24/\" {{#contains category.url '/women/in-stock/search-by-hair-length/full-cap-wigs/finished-length-18-24/'}}class='clicked'{{/contains}}>Hair Length | 18\" to 24\"</a>\r\n                <a href=\"/women/in-stock/search-by-base/full-cap-wigs/mono-top-wigs/\" {{#contains category.url '/women/in-stock/search-by-base/full-cap-wigs/mono-top-wigs/'}}class='clicked'{{/contains}}>Base | Mono</a>\r\n                <a href=\"/women/in-stock/search-by-base/full-cap-wigs/full-lace-wig/\" {{#contains category.url '/women/in-stock/search-by-base/full-cap-wigs/full-lace-wig/'}}class='clicked'{{/contains}}>Base | Lace</a>\r\n                <a href=\"/silicone-base-wigs/\" {{#contains category.url '/silicone-base-wigs/'}}class='clicked'{{/contains}}>Base | Silicone</a>\r\n                <a href=\"/women/search-in-stock/search-by-color/wigs-by-color/light-color-wigs/\" {{#contains category.url '/women/search-in-stock/search-by-color/wigs-by-color/light-color-wigs/'}}class='clicked'{{/contains}}>Color | Light</a>\r\n                <a href=\"/women/search-in-stock/search-by-color/wigs-by-color/dark-color-wigs/\" {{#contains category.url '/women/search-in-stock/search-by-color/wigs-by-color/dark-color-wigs/'}}class='clicked'{{/contains}}>Color | Dark</a>\r\n                <a href=\"/regular-human-hair-wigs/\" {{#contains category.url \"/regular-human-hair-wigs/\"}}class='clicked'{{/contains}}>Hair | Regular</a>\r\n                <a href=\"/premium-hair-wigs/\" {{#contains category.url \"/premium-hair-wigs/\"}}class='clicked'{{/contains}}>Hair | Premium</a>\r\n                <a href=\"/european-human-hair-pieces/\" {{#contains category.url \"/european-human-hair-pieces/\"}}class='clicked'{{/contains}}>Hair | European</a>\r\n            </div>\r\n        </div>\r\n\r\n        {{else}}\r\n            {{#lengthEqual breadcrumbs 4}}\r\n                    <div class=\"shortcut-cate\">\r\n                        <a href=\"/women/custom_made/\"  {{#contains category.url '/women/custom_made/'}}class='clicked'{{/contains}}>All Custom</a>\r\n                        <a href=\"/women/custom-made/salon-quick-order/\"  {{#contains category.url '/women/custom-made/salon-quick-order/'}}class='clicked'{{/contains}}>Salon Quick Order</a>\r\n                        <a href=\"/custom-made-hair-toppers/\" {{#contains category.url '/custom-made-hair-toppers/'}}class='clicked'{{/contains}}>Custom Made Hair Toppers</a>\r\n                        <a href=\"/custom-made-wigs-for-women/\" {{#contains category.url '/custom-made-wigs-for-women/'}}class='clicked'{{/contains}}>Custom Made Wigs</a>\r\n                    </div>\r\n            {{/lengthEqual}}\r\n\r\n        {{/if}}\r\n\r\n    </div>\r\n</div>\r\n\r\n{{else if breadcrumbs.[1].name '===' 'Extensions'}}\r\n    {{#lengthEqual breadcrumbs 3}}\r\n        <div style=\" height: 100%;\">\r\n            <div id=\"filter8\" class=\"pl-filter-wrap\"><img src=\"/content/images/common/filter.svg\">Filter By</div>\r\n            <span class=\"shortcut-overlay\"></span>\r\n            <div class=\"shortcut-cate1\">\r\n                <div class=\"shortcut-cateClose\">\r\n                        ×\r\n                </div>\r\n            <h2>Categories</h2>\r\n            <div class=\"shortcut-cate\">\r\n                <a href=\"/extensions/tape-in/\" {{#contains category.url '/extensions/tape-in/'}}class='clicked'{{/contains}}>Attachment | Tape In</a>\r\n                <a href=\"/extensions/nail-tip/\" {{#contains category.url '/extensions/nail-tip/'}}class='clicked'{{/contains}}>Attachment | Nail Tip</a>\r\n                <a href=\"/extensions/stick-tip/\" {{#contains category.url '/extensions/stick-tip/'}}class='clicked'{{/contains}}>Attachment | Stick Tip</a>\r\n                <a href=\"/extensions/machine-weft/\" {{#contains category.url '/extensions/machine-weft/'}}class='clicked'{{/contains}}>Attachment | Machine Weft</a>\r\n                <a href=\"/eyelash/\" {{#contains category.url '/eyelash/'}}class='clicked'{{/contains}}>Attachment | Eyelashes</a>\r\n\r\n                <a href=\"/extensions/clip-in/\" {{#contains category.url '/extensions/clip-in/'}}class='clicked'{{/contains}}>Attachment | Clip In</a>\r\n                <a href=\"/extensions/hand-tied-weft/\" {{#contains category.url '/extensions/hand-tied-weft/'}}class='clicked'{{/contains}}>Attachment | Hand Tied Weft</a>\r\n                <a href=\"/extensions/ombre/\" {{#contains category.url '/extensions/ombre/'}}class='clicked'{{/contains}}>Attachment | Ombre Hair</a>\r\n                <a href=\"/extensions/wavy-hair/\" {{#contains category.url '/extensions/wavy-hair/'}}class='clicked'{{/contains}}>Attachment | Wavy Hair</a>\r\n\r\n                <a href=\"/extensions/halo/\" {{#contains category.url '/extensions/halo/'}}class='clicked'{{/contains}}>Attachment | Halo Hair</a>\r\n                <a href=\"/extensions/overstock-hair-extensions/\" {{#contains category.url '/extensions/overstock-hair-extensions/'}}class='clicked'{{/contains}}>Attachment | Overstock Hair</a>\r\n        \r\n            </div>\r\n            </div>\r\n        </div>\r\n    {{else lengthEqual breadcrumbs 4}}\r\n        {{#if breadcrumbs.[2].name '==' 'Eyelashes'}}\r\n        <div style=\" height: 100%;\">\r\n            <div id=\"filter8\" class=\"pl-filter-wrap\"><img src=\"/content/images/common/filter.svg\">Filter By</div>\r\n            <span class=\"shortcut-overlay\"></span>\r\n            <div class=\"shortcut-cate1\">\r\n                <div class=\"shortcut-cateClose\">\r\n                        ×\r\n                </div>\r\n            <h2>Categories</h2>\r\n            <div class=\"shortcut-cate\">\r\n                <a href=\"/eyelash/\" {{#contains category.url '/eyelash/'}}class='clicked'{{/contains}}>All Eyelashes</a>\r\n                <a href=\"/eyelashes/3d-real-mink-eyelashes/\" {{#contains category.url '/eyelashes/3d-real-mink-eyelashes/'}}class='clicked'{{/contains}}>3D Real Mink Eyelashes</a>\r\n                <a href=\"/eyelashes/faux-mink/\" {{#contains category.url '/eyelashes/faux-mink/'}}class='clicked'{{/contains}}>Faux Mink</a>\r\n                <a href=\"/eyelashes/synthetic-mix-tray/\" {{#contains category.url '/eyelashes/synthetic-mix-tray/'}}class='clicked'{{/contains}}>Synthetic Eyelash Tray</a>\r\n        \r\n            </div>\r\n            </div>\r\n        </div>\r\n        {{/if}}\r\n    {{/lengthEqual}}\r\n\r\n{{else if breadcrumbs.[1].name '===' 'Supplies'}}\r\n<div style=\" height: 100%;\">\r\n    <div id=\"filter8\" class=\"pl-filter-wrap\"><img src=\"/content/images/common/filter.svg\">Filter By</div>\r\n    <span class=\"shortcut-overlay\"></span>\r\n    <div class=\"shortcut-cate1\">\r\n        <div class=\"shortcut-cateClose\">\r\n                ×\r\n        </div>\r\n    <h2>Categories</h2>\r\n    <div class=\"shortcut-cate\">\r\n        <a href=\"/supplies/\"  {{#if category.url '==' 'https://superhairpieces.ca/supplies/'}}class='clicked'{{/if}}>All Items</a>\r\n        <a href=\"/supplies/attachment-removal/\"  {{#if category.url '==' 'https://superhairpieces.ca/supplies/attachment-removal/'}}class='clicked'{{/if}}>Hairpiece & Wig</a>\r\n        <a href=\"/brands/\"  {{#contains category.url '/brands/'}}class='clicked'{{/contains}}>Supplies By Brand</a>\r\n        <a href=\"/supplies/attachment-removal/hairpiece-tape/tape-durability/daily/\" {{#contains category.url '/supplies/attachment-removal/hairpiece-tape/tape-durability/daily/'}}class='clicked'{{/contains}}>Tape | Daily</a>\r\n        <a href=\"/supplies/attachment-removal/hairpiece-tape/tape-durability/weekly/\" {{#contains category.url '/supplies/attachment-removal/hairpiece-tape/tape-durability/weekly/'}}class='clicked'{{/contains}}>Tape | Weekly</a>\r\n        <a href=\"/supplies/attachment-removal/hairpiece-tape/tape-durability/monthly/\" {{#contains category.url '/supplies/attachment-removal/hairpiece-tape/tape-durability/monthly/'}}class='clicked'{{/contains}}>Tape | Monthly</a>\r\n\r\n        <a href=\"/supplies/attachment-removal/liquid-adhesive/adhesive-type/acrylic-based/\" {{#contains category.url '/supplies/attachment-removal/liquid-adhesive/adhesive-type/acrylic-based/'}}class='clicked'{{/contains}}>Glue | Acrylic Based</a>\r\n        <a href=\"/supplies/attachment-removal/liquid-adhesive/adhesive-type/silicone-based/\" {{#contains category.url '/supplies/attachment-removal/liquid-adhesive/adhesive-type/silicone-based/'}}class='clicked'{{/contains}}>Glue | Silicone Based</a>\r\n        <a href=\"/supplies/attachment-removal/liquid-adhesive/adhesive-type/solvent-based/\" {{#contains category.url '/supplies/attachment-removal/liquid-adhesive/adhesive-type/solvent-based/'}}class='clicked'{{/contains}}>Glue | Solvent Based</a>\r\n        <a href=\"/supplies/attachment-removal/liquid-adhesive/adhesive-type/water-based/\" {{#contains category.url '/supplies/attachment-removal/liquid-adhesive/adhesive-type/water-based/'}}class='clicked'{{/contains}}>Glue | Water Based</a>\r\n        <a href=\"/supplies/hair-care/\" {{#contains category.url '/supplies/hair-care/'}}class='clicked'{{/contains}}>Hair Care</a>\r\n        <a href=\"/supplies/attachment-removal/scalp-preparation-and-protection/\" {{#contains category.url '/supplies/attachment-removal/scalp-preparation-and-protection/'}}class='clicked'{{/contains}}>Scalp Preparation</a>\r\n        <a href=\"/supplies/hair-extension-accessories/\" {{#contains category.url '/supplies/hair-extension-accessories/'}}class='clicked'{{/contains}}>Extension Accessories</a>\r\n        <a href=\"/supplies/attachment-removal/wig-clips/\" {{#contains category.url '/supplies/attachment-removal/wig-clips/'}}class='clicked'{{/contains}}>Wig Clips</a>\r\n\r\n    </div>\r\n\r\n    </div>\r\n    \r\n</div>\r\n\r\n{{/if}}\r\n<script>\r\n\r\n    window.addEventListener(\"DOMContentLoaded\", function() {\r\n        if ($(window).width() > 799) {\r\n            let contents1 = $('.cate-mobile').html()\r\n                $(\".cate-desktop\").html(contents1)\r\n        }\r\n        $(window).on(\"resize orientationchange\", function() {\r\n            if ($(window).width() > 800) {\r\n                if ($(\".cate-desktop\").is(':empty')) {\r\n                    let contents1 = $('.cate-mobile').html()\r\n                $(\".cate-desktop\").html(contents1)\r\n                }\r\n                \r\n            }\r\n        })\r\n\r\n                $('.womens_title').on(\"click\", function() {\r\n                if ($(window).width() < 801) {\r\n                    let setheight = this.nextElementSibling.children[0].offsetHeight\r\n                let checkClass = this.nextElementSibling.classList\r\n                let contains = checkClass.contains('brand-add');\r\n                $(\".shortcut-cate2\").css(\"maxHeight\", \"0\")\r\n                $(\".shortcut-cate2\").removeClass(\"brand-add\")\r\n                $('.womens_title').removeClass('page-button1')\r\n\r\n                if (contains) {\r\n                checkClass.remove('brand-add')\r\n                this.nextElementSibling.style.maxHeight = '0'\r\n                this.classList.remove('page-button1')\r\n\r\n                } else {\r\n                checkClass.add('brand-add')\r\n                this.classList.add('page-button1')\r\n                this.nextElementSibling.style.maxHeight = setheight + 'px'\r\n                }\r\n                }\r\n                \r\n\r\n            })\r\n\r\n\r\n        $(\".pl-filter-wrap\").on(\"click\", function() {\r\n            $('html, body').css({\r\n                overflow: 'hidden',\r\n                height: '100%'\r\n            });\r\n            $(\".shortcut-cate1\").addClass(\"open-cate\")\r\n            $(\".shortcut-overlay\").css(\"display\", \"block\")\r\n            if ($(\".shortcut-cate .clicked\").length > 0) {\r\n                let setheight = $(\".shortcut-cate .clicked\").closest(\".shortcut-cate\")[$(\".shortcut-cate .clicked\").closest(\".shortcut-cate\").length-1].offsetHeight\r\n                $(\".shortcut-cate .clicked\").closest(\".shortcut-cate2\").css('maxHeight', setheight + 'px')\r\n                $(\".shortcut-cate .clicked\").closest(\".shortcut-cate2\").addClass('brand-add')\r\n                $(\".shortcut-cate .clicked\").closest(\".shortcut-cate2\").prev('h3').addClass('page-button1')\r\n\r\n            }\r\n\r\n        })\r\n        $(\".shortcut-cateClose\").on(\"click\", function() {\r\n            $(\".shortcut-cate1\").removeClass(\"open-cate\")\r\n            $(\".shortcut-cate2\").css('maxHeight', '0')\r\n            $(\".shortcut-cate2\").removeClass('brand-add')\r\n            $(\".womens_title\").removeClass('page-button1')\r\n\r\n            $(\".shortcut-overlay\").css(\"display\", \"none\")\r\n            $('html, body').css({\r\n                overflow: 'auto',\r\n                height: 'auto'\r\n            });\r\n        })\r\n        $(\".shortcut-overlay\").on(\"click\", function() {\r\n            $(\".shortcut-cate1\").removeClass(\"open-cate\")\r\n            $(\".shortcut-overlay\").css(\"display\", \"none\")\r\n            $(\".shortcut-cate2\").removeClass('brand-add')\r\n\r\n            $(\".womens_title\").removeClass('page-button1')\r\n\r\n            $(\".shortcut-cate2\").css('maxHeight', '0')\r\n\r\n            $('html, body').css({\r\n                overflow: 'auto',\r\n                height: 'auto'\r\n            });\r\n        })\r\n        $(\"#pl-filter\").on(\"change\", function() {\r\n            location.href = $(this).val();\r\n        });\r\n    });\r\n</script>\r\n",
  "components/category/sort-box": "<fieldset class=\"form-fieldset actionBar-section\">\r\n    <div class=\"form-field\">\r\n        <!-- <label class=\"form-label category-filter-label\" for=\"sort\">{{lang 'common.sorter.sort_by'}}</label> -->\r\n        <label for=\"sort\"><img src=\"/content/images/common/sort.svg\" alt=\"{{lang 'common.sorter.sort_by'}}\"></label>\r\n        <select class=\"form-select form-select--small category-filter-select\" name=\"sort\" id=\"sort\">\r\n            <option value=\"bestselling\" {{#if sort '==' 'bestselling'}}selected{{/if}}>{{lang 'common.sorter.top_sellers'}}</option>\r\n            <option value=\"featured\" {{#if sort '==' 'featured'}}selected{{/if}}>{{lang 'common.sorter.featured'}}</option>\r\n            <option value=\"newest\" {{#if sort '==' 'newest'}}selected{{/if}}>{{lang 'common.sorter.newest'}}</option>\r\n            <!-- <option value=\"bestselling\" {{#if sort '==' 'bestselling'}}selected{{/if}}>{{lang 'common.sorter.top_sellers'}}</option> -->\r\n            <option value=\"alphaasc\" {{#if sort '==' 'alphaasc'}}selected{{/if}}>{{lang 'common.sorter.alpha_asc'}}</option>\r\n            <option value=\"alphadesc\" {{#if sort '==' 'alphadesc'}}selected{{/if}}>{{lang 'common.sorter.alpha_desc'}}</option>\r\n            <option value=\"avgcustomerreview\" {{#if sort '==' 'avgcustomerreview'}}selected{{/if}}>{{lang 'common.sorter.reviews'}}</option>\r\n            <option value=\"priceasc\" {{#if sort '==' 'priceasc'}}selected{{/if}}>{{lang 'common.sorter.price_asc'}}</option>\r\n            <option value=\"pricedesc\" {{#if sort '==' 'pricedesc'}}selected{{/if}}>{{lang 'common.sorter.price_desc'}}</option>\r\n            {{#if result_count}}\r\n                <option value=\"relevance\" {{#if sort '==' 'relevance'}}selected{{/if}}>{{lang 'common.sorter.relevance'}}</option>\r\n            {{/if}}\r\n        </select>\r\n    </div>\r\n</fieldset>\r\n\r\n",
  "components/products/list-item": "<article class=\"listItem\">\r\n    <figure class=\"listItem-figure\">\r\n        <img class=\"listItem-image\" src=\"{{getImage image 'productgallery_size' (cdn theme_settings.default_image_product)}}\" alt=\"{{image.alt}}\" title=\"{{image.alt}}\">\r\n        {{#unless hide_product_quick_view}}\r\n            {{#if theme_settings.show_product_quick_view}}\r\n                <div class=\"listItem-figureBody\">\r\n                    <a href=\"#\" class=\"button button--small listItem-button quickview\" data-product-id=\"{{id}}\">{{lang 'products.quick_view'}}</a>\r\n                </div>\r\n            {{/if}}\r\n        {{/unless}}\r\n    </figure>\r\n    <div class=\"listItem-body\">\r\n        <div class=\"listItem-content\">\r\n            <div class=\"listItem-details\">\r\n                {{#if show_rating}}\r\n                    <p class=\"listItem-rating\">{{> components/products/ratings rating=rating}}</p>\r\n                {{/if}}\r\n                {{#if brand.name}}\r\n                <p class=\"listItem-brand\">{{brand.name}}</p>\r\n                {{/if}}\r\n                <h4 class=\"listItem-title\">\r\n                    <a href=\"{{url}}\">{{name}}</a>\r\n                </h4>\r\n                {{#if summary}}\r\n                    <p>{{{summary}}}</p>\r\n                {{/if}}\r\n            </div>\r\n            <div class=\"listItem-actions\">\r\n                {{#or customer (if theme_settings.restrict_to_login '!==' true)}}\r\n                    {{#if price}}\r\n                        <div class=\"listItem-price\">{{> components/products/price price=price}}</div>\r\n                    {{/if}}\r\n                    {{#if show_cart_action}}\r\n                        {{#if has_options}}\r\n                            <a href=\"{{url}}\" class=\"button button--small\" data-product-id=\"{{id}}\">{{lang 'products.choose_options'}}</a>\r\n                        {{/if}}\r\n                        {{#if pre_order}}\r\n                            <a href=\"{{pre_order_add_to_cart_url}}\" class=\"button button--primary\">{{lang 'products.pre_order'}}</a>\r\n                        {{/if}}\r\n                        {{#if add_to_cart_url }}\r\n                            <a href=\"{{add_to_cart_url}}\" class=\"button button--primary\">{{lang 'products.add_to_cart'}}</a>\r\n                        {{/if}}\r\n                        {{#if out_of_stock_message }}\r\n                            <a href=\"{{url}}\" class=\"button button--small\" data-product-id=\"{{id}}\">{{out_of_stock_message}}</a>\r\n                        {{/if}}\r\n                    {{/if}}\r\n                {{else}}\r\n                    {{> components/common/login-for-pricing}}\r\n                {{/or}}\r\n                {{#if show_compare}}\r\n                    <label class=\"button button--small\" for=\"compare-{{id}}\">\r\n                        {{lang \"products.compare\"}} <input type=\"checkbox\" name=\"products[]\" value=\"{{id}}\" id=\"compare-{{id}}\" data-compare-id=\"{{id}}\">\r\n                    </label>\r\n                {{/if}}\r\n            </div>\r\n        </div>\r\n    </div>\r\n</article>\r\n",
  "components/products/card": "<article class=\"card {{#if alternate}}card--alternate{{/if}}\">\r\n    <figure class=\"card-figure\">\r\n        {{#or price.non_sale_price_with_tax price.non_sale_price_without_tax}}\r\n            {{#if theme_settings.product_sale_badges '===' 'sash'}}\r\n                <div class=\"sale-flag-sash\">\r\n                    <span class=\"sale-text\">On Sale!</span>\r\n                </div>\r\n            {{else if theme_settings.product_sale_badges '===' 'topleft'}}\r\n                <div class=\"sale-flag-side\">\r\n                    <span class=\"sale-text\">On Sale!</span>\r\n                </div>\r\n            {{else if theme_settings.product_sale_badges '===' 'burst'}}\r\n                <div class=\"starwrap\">\r\n                    <div class=\"sale-text-burst\">On Sale!</div>\r\n                    <div class=\"sale-flag-star\"></div>\r\n                </div>\r\n            {{/if}}\r\n        {{/or}}\r\n        {{#if demo}}\r\n            <img class=\"card-image lazyload\" data-sizes=\"auto\" src=\"{{cdn 'img/loading.svg'}}\" data-src=\"{{getImage image 'productgallery_size' (cdn theme_settings.default_image_product)}}\" alt=\"{{image.alt}}\" title=\"{{image.alt}}\">\r\n        {{else}}\r\n            <a href=\"{{url}}\">\r\n                <img class=\"card-image lazyload\" data-sizes=\"auto\" src=\"{{cdn 'img/loading.svg'}}\" data-src=\"{{getImage image 'productgallery_size' (cdn theme_settings.default_image_product)}}\" alt=\"{{image.alt}}\" title=\"{{image.alt}}\">\r\n            </a>\r\n        {{/if}}\r\n        <a href=\"{{url}}\" class=\"card-figure-overlay-wrap\">\r\n            <div class=\"card-figure-overlay\"></div>\r\n            <div class=\"card-link--alternate\">See Buying Options</div>\r\n        </a>\r\n        {{#each category}}\r\n            {{#contains this '10% OFF'}}\r\n            <img class=\"card-mark-image\" src=\"/content/images/common/10poff.svg\" width=\"50\" height=\"50\" alt=\"10% OFF\">\r\n            {{else contains this '$40 OFF'}}\r\n            <img class=\"card-mark-image\" src=\"/content/images/common/40off.svg\" width=\"50\" height=\"50\" alt=\"$40 OFF\">\r\n            {{else contains this '$60 OFF'}}\r\n            <img class=\"card-mark-image\" src=\"/content/images/common/60off.svg\" width=\"50\" height=\"50\" alt=\"$60 OFF\">\r\n            {{else contains this '15% OFF'}}\r\n            <img class=\"card-mark-image\" src=\"/content/images/common/15poff.svg\" width=\"50\" height=\"50\" alt=\"15% OFF\">\r\n            {{else contains this '20% OFF'}}\r\n            <img class=\"card-mark-image\" src=\"/content/images/common/20poff.svg\" width=\"50\" height=\"50\" alt=\"20% OFF\">\r\n            {{else contains this 'New Arrival'}}\r\n            <img class=\"card-mark-image\" src=\"/content/images/common/New.svg\" width=\"50\" height=\"50\" alt=\"New Arrival\">  \r\n            {{else contains this 'Clearance'}}\r\n            <img class=\"card-mark-image\" src=\"/content/images/common/last-chance.png\" width=\"50\" height=\"50\" alt=\"Clearance\">  \r\n            {{else contains this '$90 OFF'}}\r\n            <img class=\"card-mark-image\" src=\"/content/images/marketing/promo/90.svg\" width=\"50\" height=\"50\" alt=\"$90 OFF\">  \r\n            {{else contains this '$50 OFF'}}\r\n            <img class=\"card-mark-image\" src=\"/content/images/marketing/promo/50.svg\" width=\"50\" height=\"50\" alt=\"$50 OFF\">  \r\n            {{else contains this '$20 OFF'}}\r\n            <img class=\"card-mark-image\" src=\"/content/images/marketing/promo/20.svg\" width=\"50\" height=\"50\" alt=\"$20 OFF\">  \r\n            {{else contains this 'Women/Promotions/On Sale/Extensions Sales'}}\r\n            <img class=\"card-mark-image\" src=\"/content/images/marketing/promo/sale.svg\" width=\"50\" height=\"50\" alt=\"Extension Sales\">  \r\n            {{/contains}}\r\n        {{/each}}        \r\n         {{#if category.[1] '==' 'Men/Promotions/Clearance'}}\r\n        <img class=\"card-mark-image\" src=\"/content/images/common/last-chance.png\" width=\"50\" height=\"50\" alt=\"Clearance\"> \r\n        {{else if category.[0] '==' 'Women/Promotions/Limited Edition ✓/Limited Edition Full Cap'}}\r\n        <img class=\"card-mark-image\" src=\"/content/images/common/last-chance.png\" width=\"50\" height=\"50\" alt=\"Clearance\"> \r\n\r\n        {{else if price.rrp_without_tax}}\r\n        <img class=\"card-mark-image\" src=\"/content/images/common/sale.svg\" width=\"50\" height=\"50\" alt=\"Price Drop\">            \r\n        {{/if}}\r\n{{!--\r\n        \r\n        <figcaption class=\"card-figcaption\">\r\n            <div class=\"card-figcaption-body\">\r\n                {{#unless hide_product_quick_view}}\r\n                    {{#if theme_settings.show_product_quick_view}}\r\n                        {{#unless demo}}\r\n                            <a href=\"#\" class=\"button button--small card-figcaption-button quickview\" data-product-id=\"{{id}}\">{{lang 'products.quick_view'}}</a>\r\n                        {{/unless}}\r\n                    {{/if}}\r\n                {{/unless}}\r\n                {{#if show_compare}}\r\n                    <label class=\"button button--small card-figcaption-button\" for=\"compare-{{id}}\">\r\n                        {{lang 'products.compare'}} <input type=\"checkbox\" name=\"products[]\" value=\"{{id}}\" id=\"compare-{{id}}\" data-compare-id=\"{{id}}\">\r\n                    </label>\r\n                {{/if}}\r\n                {{#or customer (if theme_settings.restrict_to_login '!==' true)}}\r\n                    {{#if show_cart_action}}\r\n                        {{#if has_options}}\r\n                            <a href=\"{{url}}\" class=\"button button--small card-figcaption-button\" data-product-id=\"{{id}}\">{{lang 'products.choose_options'}}</a>\r\n                        {{/if}}\r\n                        {{#if pre_order}}\r\n                            <a href=\"{{pre_order_add_to_cart_url}}\" class=\"button button--small card-figcaption-button\">{{lang 'products.pre_order'}}</a>\r\n                        {{/if}}\r\n                        {{#if add_to_cart_url }}\r\n                            <a href=\"{{add_to_cart_url}}\" class=\"button button--small card-figcaption-button\">{{lang 'products.add_to_cart'}}</a>\r\n                        {{/if}}\r\n                        {{#if out_of_stock_message }}\r\n                            <a href=\"{{url}}\" class=\"button button--small card-figcaption-button\" data-product-id=\"{{id}}\">{{out_of_stock_message}}</a>\r\n                        {{/if}}\r\n                    {{/if}}\r\n                {{/or}}\r\n            </div>\r\n        </figcaption>\r\n        \r\n--}}\r\n        \r\n    </figure>\r\n    <div class=\"card-body\">\r\n       <span class=\" stamped-product-reviews-badge\" data-id=\"{{id}}\" data-product-sku=\"{{sku}}\" style=\"display:block;\"></span>\r\n       {{#if custom_fields}}            \r\n            {{#if (length custom_fields) '>' 0}}\r\n                {{#each custom_fields}}\r\n                    {{#if name '==' 'Highlight'}}\r\n                        <div class=\"card-highlight\">{{value}}</div>\r\n                    {{/if}}\r\n                {{/each}}\r\n            {{/if}}\r\n        {{/if}}\r\n        {{#if brand.name}}\r\n            <p class=\"card-text\" data-test-info-type=\"brandName\">{{brand.name}}</p>\r\n        {{/if}}\r\n        <h4 class=\"card-title\">\r\n            {{#if demo}}\r\n                {{name}}\r\n            {{else}}\r\n                <a href=\"{{url}}\">{{name}}</a>\r\n            {{/if}}\r\n        </h4>\r\n        <div class=\"card-hp-text\">\r\n            <div class=\"card-text\" data-test-info-type=\"price\">\r\n                {{#or customer (if theme_settings.restrict_to_login '!==' true)}}\r\n                    {{> components/products/price price=price customer=customer}}\r\n                {{else}}\r\n                    {{> components/common/login-for-pricing}}\r\n                {{/or}}\r\n            </div>\r\n            {{> components/products/bulk-discount-rates}}\r\n        </div>        \r\n    </div>\r\n</article>\r\n<div class=\"card-price {{#if alternate}}card-price--alternate{{/if}}\">\r\n    <div class=\"card-text\" data-test-info-type=\"price\">\r\n        {{#or customer (if theme_settings.restrict_to_login '!==' true)}}\r\n            {{> components/products/price price=price customer=customer}}\r\n        {{else}}\r\n            {{> components/common/login-for-pricing}}\r\n        {{/or}}        \r\n    </div>\r\n    {{> components/products/bulk-discount-rates}}        \r\n    <a href=\"{{url}}\" class=\"card-link\">See Buying Options</a>\r\n</div>\r\n",
  "components/products/ratings": "{{#for 1 5}}\r\n    {{#if ../this.rating '>=' $index}}\r\n        <span class=\"icon icon--ratingFull\">\r\n            <svg>\r\n                <use xlink:href=\"#icon-star\" />\r\n            </svg>\r\n        </span>\r\n    {{else}}\r\n        <span class=\"icon icon--ratingEmpty\">\r\n            <svg>\r\n                <use xlink:href=\"#icon-star\" />\r\n            </svg>\r\n        </span>\r\n    {{/if}}\r\n{{/for}}\r\n{{{snippet 'product_rating'}}}\r\n",
  "components/products/price": "{{#or has_options product.options.length}}\r\n    {{#if price.with_tax}}\r\n        <div class=\"price-section price-section--withTax\" {{#if schema_org}}itemprop=\"offers\" itemscope itemtype=\"http://schema.org/Offer\"{{/if}}>\r\n            {{#if price.rrp_with_tax}}\r\n                <span data-product-rrp-with-tax class=\"price price--rrp\">{{price.rrp_with_tax.formatted}}</span>\r\n            {{/if}}\r\n            {{#if page_type '!==' 'product'}}\r\n                {{#if theme_settings.price_as_low_as}}\r\n                    <span translate>As low as </span>\r\n                {{/if}}\r\n            {{/if}}\r\n            <span data-product-price-with-tax class=\"price\">{{price.with_tax.formatted}}</span>\r\n            {{#if price.without_tax}}\r\n                {{lang 'products.price_with_tax' tax_label=price.tax_label}}\r\n            {{/if}}\r\n        </div>\r\n    {{/if}}\r\n    {{#if price.without_tax}}\r\n        <div class=\"price-section price-section--withoutTax {{#if price.with_tax}}price-section--minor{{/if}}\"  {{#if schema_org}}itemprop=\"offers\" itemscope itemtype=\"http://schema.org/Offer\"{{/if}}>\r\n            {{#if price.rrp_without_tax}}\r\n                <span data-product-rrp-without-tax class=\"price price--rrp\">{{price.rrp_without_tax.formatted}}</span>\r\n            {{/if}}\r\n            {{#if schema_org}}\r\n                <meta itemprop=\"price\" content=\"{{price.without_tax.value}}\">\r\n                <meta itemprop=\"priceCurrency\" content=\"{{currency_selector.active_currency_code}}\">\r\n                <meta itemprop=\"availability\" content=\"{{product.availability}}\">\r\n                <meta itemprop=\"itemCondition\" itemtype=\"http://schema.org/OfferItemCondition\" content=\"http://schema.org/{{product.condition}}Condition\">\r\n            {{/if}}\r\n            {{#if page_type '!==' 'product'}}\r\n                {{#if theme_settings.price_as_low_as}}\r\n                    <span translate>As low as </span>\r\n                {{/if}}\r\n            {{/if}}\r\n            <span data-product-price-without-tax class=\"price price--withoutTax\">{{price.without_tax.formatted}}</span>\r\n            {{#if price.with_tax}}\r\n                <abbr title=\"{{lang 'products.excluding_tax'}}\">{{lang 'products.price_without_tax' tax_label=price.tax_label}}</abbr>\r\n            {{/if}}\r\n        </div>\r\n    {{/if}}\r\n    {{#if page_type '===' 'product'}}\r\n        {{#if price.saved}}\r\n            <div class=\"price-section price-section--saving\">\r\n                <span class=\"price\">\r\n                    {{lang 'products.you_save' amount=price.saved.formatted}}\r\n                </span>\r\n            </div>\r\n        {{/if}}\r\n    {{/if}}\r\n{{else}}\r\n    {{#if price.with_tax}}\r\n        <div class=\"price-section price-section--withTax\" {{#if schema_org}}itemprop=\"offers\" itemscope itemtype=\"http://schema.org/Offer\"{{/if}}>\r\n            {{#if price.rrp_with_tax}}\r\n                <span data-product-rrp-with-tax class=\"price price--rrp\">{{price.rrp_with_tax.formatted}}</span>\r\n            {{/if}}\r\n            <span data-product-price-with-tax class=\"price\">{{price.with_tax.formatted}}</span>\r\n            {{#if price.without_tax}}\r\n                {{lang 'products.price_with_tax' tax_label=price.tax_label}}\r\n            {{/if}}\r\n        </div>\r\n    {{/if}}\r\n    {{#if price.without_tax}}\r\n        <div class=\"price-section price-section--withoutTax {{#if price.with_tax}}price-section--minor{{/if}}\"  {{#if schema_org}}itemprop=\"offers\" itemscope itemtype=\"http://schema.org/Offer\"{{/if}}>\r\n            {{#if price.rrp_without_tax}}\r\n                <span data-product-rrp-without-tax class=\"price price--rrp\">{{price.rrp_without_tax.formatted}}</span>\r\n            {{/if}}\r\n            {{#if schema_org}}\r\n                <meta itemprop=\"price\" content=\"{{price.without_tax.value}}\">\r\n                <meta itemprop=\"priceCurrency\" content=\"{{currency_selector.active_currency_code}}\">\r\n            {{/if}}\r\n            <span data-product-price-without-tax class=\"price price--withoutTax\">{{price.without_tax.formatted}}</span>\r\n            {{#if price.with_tax}}\r\n                <abbr title=\"{{lang 'products.excluding_tax'}}\">{{lang 'products.price_without_tax' tax_label=price.tax_label}}</abbr>\r\n            {{/if}}\r\n        </div>\r\n    {{/if}}\r\n    {{#if page_type '===' 'product'}}\r\n        {{#if price.saved}}\r\n            <div class=\"price-section price-section--saving\">\r\n                <span class=\"price\">\r\n                    {{lang 'products.you_save' amount=price.saved.formatted}}\r\n                </span>\r\n            </div>\r\n        {{/if}}\r\n    {{/if}}\r\n{{/or}}\r\n",
  "components/common/login-for-pricing": "<p translate>Log in for pricing</p>\r\n",
  "components/products/bulk-discount-rates": "{{#if bulk_discount_rates.length}}\r\n    <dt class=\"productView-info-name\">{{lang 'products.bulk_pricing.title'}}</dt>\r\n    <dd class=\"productView-info-value\">\r\n        <a href=\"{{url}}\" data-reveal-id=\"bulkPricingModal-{{id}}-{{$index}}\">\r\n            {{lang 'products.bulk_pricing.view'}}\r\n        </a>\r\n    </dd>\r\n    <div id=\"bulkPricingModal-{{id}}-{{$index}}\" class=\"modal modal--small\" data-reveal>\r\n        <div class=\"modal-header\">\r\n            <h2 class=\"modal-header-title\">{{lang 'products.bulk_pricing.modal_title'}}</h2>\r\n            <a href=\"#\" class=\"modal-close\" aria-label=\"Close\"><span aria-hidden=\"true\">&#215;</span></a>\r\n        </div>\r\n        <div class=\"modal-body\">\r\n            <p>{{lang 'products.bulk_pricing.instructions'}}</p>\r\n            <ul>\r\n            {{#each bulk_discount_rates}}\r\n                <li>\r\n                    {{lang 'products.bulk_pricing.range' min=min max=max}}\r\n                    {{#if type '===' 'percent'}}\r\n                        {{lang 'products.bulk_pricing.percent' discount=discount.formatted}}\r\n                    {{/if}}\r\n                    {{#if type '===' 'fixed'}}\r\n                        {{lang 'products.bulk_pricing.fixed' discount=discount.formatted}}\r\n                    {{/if}}\r\n                    {{#if type '===' 'price'}}\r\n                        {{lang 'products.bulk_pricing.price' discount=discount.formatted}}\r\n                    {{/if}}\r\n                </li>\r\n            {{/each}}\r\n            </ul>\r\n        </div>\r\n    </div>\r\n{{/if}}\r\n"
}