{
  "components/search/product-listing": "{{#if product_results.products.length}}\r\n    {{> components/products/filter sort=pagination.product_results.sort}}\r\n{{/if}}\r\n<form action=\"{{urls.compare}}\" method='POST' data-product-compare>\r\n    {{#if theme_settings.product_list_display_mode '===' 'grid'}}\r\n        {{> components/products/grid products=product_results.products show_compare=product_results.show_compare theme_settings=theme_settings}}\r\n    {{else}}\r\n        {{> components/products/list products=product_results.products show_compare=product_results.show_compare theme_settings=theme_settings}}\r\n    {{/if}}\r\n</form>\r\n\r\n{{> components/common/paginator pagination.product_results}}\r\n",
  "components/products/filter": "<form class=\"actionBar\" method=\"get\" data-sort-by>\r\n    {{> components/category/sort-box sort=sort}}\r\n</form>\r\n",
  "components/products/list": "<ul class=\"productList\">\r\n    {{#each products}}\r\n    <li class=\"product\">\r\n        {{>components/products/list-item show_compare=../show_compare show_rating=../settings.show_product_rating theme_settings=../theme_settings customer=../customer}}\r\n    </li>\r\n    {{/each}}\r\n</ul>\r\n",
  "components/common/paginator": "<div class=\"pagination\">\r\n    <ul class=\"pagination-list\">\r\n        {{#if previous}}\r\n            <li class=\"pagination-item pagination-item--previous\">\r\n                <a class=\"pagination-link\" href=\"{{previous}}\" {{#unless reload}}data-faceted-search-facet{{/unless}}>\r\n                    <i class=\"icon\" aria-hidden=\"true\">\r\n                        <svg>\r\n                            <use xmlns:xlink=\"http://www.w3.org/1999/xlink\" xlink:href=\"#icon-chevron-left\"></use>\r\n                        </svg>\r\n                    </i>\r\n                    {{lang 'common.previous'}}\r\n                </a>\r\n            </li>\r\n        {{/if}}\r\n        {{#each links}}\r\n            {{#if this.number '==' ../current}}\r\n                <li class=\"pagination-item pagination-item--current\">\r\n                    <a class=\"pagination-link\" href=\"{{this.url}}\" {{#unless reload}}data-faceted-search-facet{{/unless}}>{{this.number}}</a>\r\n                </li>\r\n            {{else}}\r\n                <li class=\"pagination-item\">\r\n                    <a class=\"pagination-link\" href=\"{{this.url}}\" {{#unless reload}}data-faceted-search-facet{{/unless}}>{{this.number}}</a>\r\n                </li>\r\n            {{/if}}\r\n        {{/each}}\r\n\r\n        {{#if next}}\r\n            <li class=\"pagination-item pagination-item--next\">\r\n                <a class=\"pagination-link\" href=\"{{next}}\" {{#unless reload}}data-faceted-search-facet{{/unless}}>\r\n                    {{lang 'common.next'}}\r\n                    <i class=\"icon\" aria-hidden=\"true\">\r\n                        <svg>\r\n                            <use xmlns:xlink=\"http://www.w3.org/1999/xlink\" xlink:href=\"#icon-chevron-right\"></use>\r\n                        </svg>\r\n                    </i>\r\n                </a>\r\n            </li>\r\n        {{/if}}\r\n    </ul>\r\n</div>\r\n",
  "components/products/grid": "<ul class=\"productGrid\">\r\n    {{#each products}}        \r\n          {{#if ../page_type 'category'}}        \r\n            {{#or (if name '==' 'Hair Extensions Catalog -2019') (if name '==' \"Men's Hairpiece Catalog - 2020\") (if name '==' \"Women's Catalog - 2018\") (if name '==' \"Price List Superhairpieces -2021\")}}                                \r\n                {{#or (if ../../../customer_group_name \"==\" \"Tier 1\") (if ../../../customer_group_name \"==\" \"Extensions Wholesale\") (if ../../../customer_group_name '==' 'Extensions Wholesale No Signature')}}        \r\n                <li class=\"product \">\r\n                    {{>components/products/card show_compare=../show_compare show_rating=../settings.show_product_rating theme_settings=../theme_settings customer=../customer}}\r\n                </li>                \r\n                {{/or}}\r\n            {{else}}\r\n                <!-- <li class=\"product \">\r\n                    {{>components/products/card show_compare=../show_compare show_rating=../settings.show_product_rating theme_settings=../theme_settings customer=../customer}}\r\n                </li> -->\r\n                {{#or (if name '==' 'Hard Bond Sure Stick 1.1 oz') (if name '==' 'PPI PURS Polyurethane Repair')}}\r\n                    {{#or (if ../../../../customer_group_name \"==\" \"Tier 1\") (if ../../../../customer_group_name \"==\" \"Extensions Wholesale\") (if ../../../../customer_group_name '==' 'Extensions Wholesale No Signature')}}\r\n                        <li class=\"product \">\r\n                                {{>components/products/card show_compare=../show_compare show_rating=../settings.show_product_rating theme_settings=../theme_settings customer=../customer}}\r\n                            </li>\r\n                    {{else if ../../../../../customer}}\r\n\r\n                    {{else}}\r\n                        <li class=\"product \">\r\n                            {{>components/products/card show_compare=../show_compare show_rating=../settings.show_product_rating theme_settings=../theme_settings customer=../customer}}\r\n                        </li>\r\n                    {{/or}}\r\n                {{else}}\r\n                    <li class=\"product \">\r\n                        {{>components/products/card show_compare=../show_compare show_rating=../settings.show_product_rating theme_settings=../theme_settings customer=../customer}}\r\n                    </li>\r\n                {{/or}}\r\n\r\n            {{/or}}\r\n        {{else}}\r\n        <!-- <li class=\"product \">\r\n            {{>components/products/card show_compare=../show_compare show_rating=../settings.show_product_rating theme_settings=../theme_settings customer=../customer}}\r\n        </li> -->\r\n        {{#or (if name '==' 'Hard Bond Sure Stick 1.1 oz') (if name '==' 'PPI PURS Polyurethane Repair')}}\r\n            {{#or (if ../../../customer_group_name \"==\" \"Tier 1\") (if ../../../customer_group_name \"==\" \"Extensions Wholesale\") (if ../../../customer_group_name '==' 'Extensions Wholesale No Signature')}}\r\n                <li class=\"product \">\r\n                    {{>components/products/card show_compare=../show_compare show_rating=../settings.show_product_rating theme_settings=../theme_settings customer=../customer}}\r\n                </li>\r\n            {{else if ../../../../customer}}\r\n\r\n            {{else}}\r\n                <li class=\"product \">\r\n                    {{>components/products/card show_compare=../show_compare show_rating=../settings.show_product_rating theme_settings=../theme_settings customer=../customer}}\r\n                </li>\r\n            {{/or}}\r\n        {{else}}\r\n            <li class=\"product \">\r\n                {{>components/products/card show_compare=../show_compare show_rating=../settings.show_product_rating theme_settings=../theme_settings customer=../customer}}\r\n            </li>\r\n        {{/or}}\r\n\r\n        {{/if}}\r\n    {{/each}}\r\n</ul>\r\n",
  "components/category/sort-box": "<fieldset class=\"form-fieldset actionBar-section\">\r\n    <div class=\"form-field\">\r\n        <!-- <label class=\"form-label category-filter-label\" for=\"sort\">{{lang 'common.sorter.sort_by'}}</label> -->\r\n        <label for=\"sort\"><img src=\"/content/images/common/sort.svg\" alt=\"{{lang 'common.sorter.sort_by'}}\"></label>\r\n        <select class=\"form-select form-select--small category-filter-select\" name=\"sort\" id=\"sort\">\r\n            <option value=\"bestselling\" {{#if sort '==' 'bestselling'}}selected{{/if}}>{{lang 'common.sorter.top_sellers'}}</option>\r\n            <option value=\"featured\" {{#if sort '==' 'featured'}}selected{{/if}}>{{lang 'common.sorter.featured'}}</option>\r\n            <option value=\"newest\" {{#if sort '==' 'newest'}}selected{{/if}}>{{lang 'common.sorter.newest'}}</option>\r\n            <!-- <option value=\"bestselling\" {{#if sort '==' 'bestselling'}}selected{{/if}}>{{lang 'common.sorter.top_sellers'}}</option> -->\r\n            <option value=\"alphaasc\" {{#if sort '==' 'alphaasc'}}selected{{/if}}>{{lang 'common.sorter.alpha_asc'}}</option>\r\n            <option value=\"alphadesc\" {{#if sort '==' 'alphadesc'}}selected{{/if}}>{{lang 'common.sorter.alpha_desc'}}</option>\r\n            <option value=\"avgcustomerreview\" {{#if sort '==' 'avgcustomerreview'}}selected{{/if}}>{{lang 'common.sorter.reviews'}}</option>\r\n            <option value=\"priceasc\" {{#if sort '==' 'priceasc'}}selected{{/if}}>{{lang 'common.sorter.price_asc'}}</option>\r\n            <option value=\"pricedesc\" {{#if sort '==' 'pricedesc'}}selected{{/if}}>{{lang 'common.sorter.price_desc'}}</option>\r\n            {{#if result_count}}\r\n                <option value=\"relevance\" {{#if sort '==' 'relevance'}}selected{{/if}}>{{lang 'common.sorter.relevance'}}</option>\r\n            {{/if}}\r\n        </select>\r\n    </div>\r\n</fieldset>\r\n\r\n",
  "components/products/list-item": "<article class=\"listItem\">\r\n    <figure class=\"listItem-figure\">\r\n        <img class=\"listItem-image\" src=\"{{getImage image 'productgallery_size' (cdn theme_settings.default_image_product)}}\" alt=\"{{image.alt}}\" title=\"{{image.alt}}\">\r\n        {{#unless hide_product_quick_view}}\r\n            {{#if theme_settings.show_product_quick_view}}\r\n                <div class=\"listItem-figureBody\">\r\n                    <a href=\"#\" class=\"button button--small listItem-button quickview\" data-product-id=\"{{id}}\">{{lang 'products.quick_view'}}</a>\r\n                </div>\r\n            {{/if}}\r\n        {{/unless}}\r\n    </figure>\r\n    <div class=\"listItem-body\">\r\n        <div class=\"listItem-content\">\r\n            <div class=\"listItem-details\">\r\n                {{#if show_rating}}\r\n                    <p class=\"listItem-rating\">{{> components/products/ratings rating=rating}}</p>\r\n                {{/if}}\r\n                {{#if brand.name}}\r\n                <p class=\"listItem-brand\">{{brand.name}}</p>\r\n                {{/if}}\r\n                <h4 class=\"listItem-title\">\r\n                    <a href=\"{{url}}\">{{name}}</a>\r\n                </h4>\r\n                {{#if summary}}\r\n                    <p>{{{summary}}}</p>\r\n                {{/if}}\r\n            </div>\r\n            <div class=\"listItem-actions\">\r\n                {{#or customer (if theme_settings.restrict_to_login '!==' true)}}\r\n                    {{#if price}}\r\n                        <div class=\"listItem-price\">{{> components/products/price price=price}}</div>\r\n                    {{/if}}\r\n                    {{#if show_cart_action}}\r\n                        {{#if has_options}}\r\n                            <a href=\"{{url}}\" class=\"button button--small\" data-product-id=\"{{id}}\">{{lang 'products.choose_options'}}</a>\r\n                        {{/if}}\r\n                        {{#if pre_order}}\r\n                            <a href=\"{{pre_order_add_to_cart_url}}\" class=\"button button--primary\">{{lang 'products.pre_order'}}</a>\r\n                        {{/if}}\r\n                        {{#if add_to_cart_url }}\r\n                            <a href=\"{{add_to_cart_url}}\" class=\"button button--primary\">{{lang 'products.add_to_cart'}}</a>\r\n                        {{/if}}\r\n                        {{#if out_of_stock_message }}\r\n                            <a href=\"{{url}}\" class=\"button button--small\" data-product-id=\"{{id}}\">{{out_of_stock_message}}</a>\r\n                        {{/if}}\r\n                    {{/if}}\r\n                {{else}}\r\n                    {{> components/common/login-for-pricing}}\r\n                {{/or}}\r\n                {{#if show_compare}}\r\n                    <label class=\"button button--small\" for=\"compare-{{id}}\">\r\n                        {{lang \"products.compare\"}} <input type=\"checkbox\" name=\"products[]\" value=\"{{id}}\" id=\"compare-{{id}}\" data-compare-id=\"{{id}}\">\r\n                    </label>\r\n                {{/if}}\r\n            </div>\r\n        </div>\r\n    </div>\r\n</article>\r\n",
  "components/products/card": "<article class=\"card {{#if alternate}}card--alternate{{/if}}\">\r\n    <figure class=\"card-figure\">\r\n        {{#or price.non_sale_price_with_tax price.non_sale_price_without_tax}}\r\n            {{#if theme_settings.product_sale_badges '===' 'sash'}}\r\n                <div class=\"sale-flag-sash\">\r\n                    <span class=\"sale-text\">On Sale!</span>\r\n                </div>\r\n            {{else if theme_settings.product_sale_badges '===' 'topleft'}}\r\n                <div class=\"sale-flag-side\">\r\n                    <span class=\"sale-text\">On Sale!</span>\r\n                </div>\r\n            {{else if theme_settings.product_sale_badges '===' 'burst'}}\r\n                <div class=\"starwrap\">\r\n                    <div class=\"sale-text-burst\">On Sale!</div>\r\n                    <div class=\"sale-flag-star\"></div>\r\n                </div>\r\n            {{/if}}\r\n        {{/or}}\r\n        {{#if demo}}\r\n            <img class=\"card-image lazyload\" data-sizes=\"auto\" src=\"{{cdn 'img/loading.svg'}}\" data-src=\"{{getImage image 'productgallery_size' (cdn theme_settings.default_image_product)}}\" alt=\"{{image.alt}}\" title=\"{{image.alt}}\">\r\n        {{else}}\r\n            <a href=\"{{url}}\">\r\n                <img class=\"card-image lazyload\" data-sizes=\"auto\" src=\"{{cdn 'img/loading.svg'}}\" data-src=\"{{getImage image 'productgallery_size' (cdn theme_settings.default_image_product)}}\" alt=\"{{image.alt}}\" title=\"{{image.alt}}\">\r\n            </a>\r\n        {{/if}}\r\n        <a href=\"{{url}}\" class=\"card-figure-overlay-wrap\">\r\n            <div class=\"card-figure-overlay\"></div>\r\n            <div class=\"card-link--alternate\">See Buying Options</div>\r\n        </a>\r\n        {{#each category}}\r\n            {{#contains this '10% OFF'}}\r\n            <img class=\"card-mark-image\" src=\"/content/images/common/10poff.svg\" width=\"50\" height=\"50\" alt=\"10% OFF\">\r\n            {{else contains this '$40 OFF'}}\r\n            <img class=\"card-mark-image\" src=\"/content/images/common/40off.svg\" width=\"50\" height=\"50\" alt=\"$40 OFF\">\r\n            {{else contains this '$60 OFF'}}\r\n            <img class=\"card-mark-image\" src=\"/content/images/common/60off.svg\" width=\"50\" height=\"50\" alt=\"$60 OFF\">\r\n            {{else contains this '15% OFF'}}\r\n            <img class=\"card-mark-image\" src=\"/content/images/common/15poff.svg\" width=\"50\" height=\"50\" alt=\"15% OFF\">\r\n            {{else contains this '20% OFF'}}\r\n            <img class=\"card-mark-image\" src=\"/content/images/common/20poff.svg\" width=\"50\" height=\"50\" alt=\"20% OFF\">\r\n            {{else contains this 'New Arrival'}}\r\n            <img class=\"card-mark-image\" src=\"/content/images/common/New.svg\" width=\"50\" height=\"50\" alt=\"New Arrival\">  \r\n            {{else contains this 'Clearance'}}\r\n            <img class=\"card-mark-image\" src=\"/content/images/common/last-chance.png\" width=\"50\" height=\"50\" alt=\"Clearance\">  \r\n            {{else contains this '$90 OFF'}}\r\n            <img class=\"card-mark-image\" src=\"/content/images/marketing/promo/90.svg\" width=\"50\" height=\"50\" alt=\"$90 OFF\">  \r\n            {{else contains this '$50 OFF'}}\r\n            <img class=\"card-mark-image\" src=\"/content/images/marketing/promo/50.svg\" width=\"50\" height=\"50\" alt=\"$50 OFF\">  \r\n            {{else contains this '$20 OFF'}}\r\n            <img class=\"card-mark-image\" src=\"/content/images/marketing/promo/20.svg\" width=\"50\" height=\"50\" alt=\"$20 OFF\">  \r\n            {{else contains this 'Women/Promotions/On Sale/Extensions Sales'}}\r\n            <img class=\"card-mark-image\" src=\"/content/images/marketing/promo/sale.svg\" width=\"50\" height=\"50\" alt=\"Extension Sales\">  \r\n            {{/contains}}\r\n        {{/each}}        \r\n         {{#if category.[1] '==' 'Men/Promotions/Clearance'}}\r\n        <img class=\"card-mark-image\" src=\"/content/images/common/last-chance.png\" width=\"50\" height=\"50\" alt=\"Clearance\"> \r\n        {{else if category.[0] '==' 'Women/Promotions/Limited Edition ✓/Limited Edition Full Cap'}}\r\n        <img class=\"card-mark-image\" src=\"/content/images/common/last-chance.png\" width=\"50\" height=\"50\" alt=\"Clearance\"> \r\n\r\n        {{else if price.rrp_without_tax}}\r\n        <img class=\"card-mark-image\" src=\"/content/images/common/sale.svg\" width=\"50\" height=\"50\" alt=\"Price Drop\">            \r\n        {{/if}}\r\n{{!--\r\n        \r\n        <figcaption class=\"card-figcaption\">\r\n            <div class=\"card-figcaption-body\">\r\n                {{#unless hide_product_quick_view}}\r\n                    {{#if theme_settings.show_product_quick_view}}\r\n                        {{#unless demo}}\r\n                            <a href=\"#\" class=\"button button--small card-figcaption-button quickview\" data-product-id=\"{{id}}\">{{lang 'products.quick_view'}}</a>\r\n                        {{/unless}}\r\n                    {{/if}}\r\n                {{/unless}}\r\n                {{#if show_compare}}\r\n                    <label class=\"button button--small card-figcaption-button\" for=\"compare-{{id}}\">\r\n                        {{lang 'products.compare'}} <input type=\"checkbox\" name=\"products[]\" value=\"{{id}}\" id=\"compare-{{id}}\" data-compare-id=\"{{id}}\">\r\n                    </label>\r\n                {{/if}}\r\n                {{#or customer (if theme_settings.restrict_to_login '!==' true)}}\r\n                    {{#if show_cart_action}}\r\n                        {{#if has_options}}\r\n                            <a href=\"{{url}}\" class=\"button button--small card-figcaption-button\" data-product-id=\"{{id}}\">{{lang 'products.choose_options'}}</a>\r\n                        {{/if}}\r\n                        {{#if pre_order}}\r\n                            <a href=\"{{pre_order_add_to_cart_url}}\" class=\"button button--small card-figcaption-button\">{{lang 'products.pre_order'}}</a>\r\n                        {{/if}}\r\n                        {{#if add_to_cart_url }}\r\n                            <a href=\"{{add_to_cart_url}}\" class=\"button button--small card-figcaption-button\">{{lang 'products.add_to_cart'}}</a>\r\n                        {{/if}}\r\n                        {{#if out_of_stock_message }}\r\n                            <a href=\"{{url}}\" class=\"button button--small card-figcaption-button\" data-product-id=\"{{id}}\">{{out_of_stock_message}}</a>\r\n                        {{/if}}\r\n                    {{/if}}\r\n                {{/or}}\r\n            </div>\r\n        </figcaption>\r\n        \r\n--}}\r\n        \r\n    </figure>\r\n    <div class=\"card-body\">\r\n       <span class=\" stamped-product-reviews-badge\" data-id=\"{{id}}\" data-product-sku=\"{{sku}}\" style=\"display:block;\"></span>\r\n       {{#if custom_fields}}            \r\n            {{#if (length custom_fields) '>' 0}}\r\n                {{#each custom_fields}}\r\n                    {{#if name '==' 'Highlight'}}\r\n                        <div class=\"card-highlight\">{{value}}</div>\r\n                    {{/if}}\r\n                {{/each}}\r\n            {{/if}}\r\n        {{/if}}\r\n        {{#if brand.name}}\r\n            <p class=\"card-text\" data-test-info-type=\"brandName\">{{brand.name}}</p>\r\n        {{/if}}\r\n        <h4 class=\"card-title\">\r\n            {{#if demo}}\r\n                {{name}}\r\n            {{else}}\r\n                <a href=\"{{url}}\">{{name}}</a>\r\n            {{/if}}\r\n        </h4>\r\n        <div class=\"card-hp-text\">\r\n            <div class=\"card-text\" data-test-info-type=\"price\">\r\n                {{#or customer (if theme_settings.restrict_to_login '!==' true)}}\r\n                    {{> components/products/price price=price customer=customer}}\r\n                {{else}}\r\n                    {{> components/common/login-for-pricing}}\r\n                {{/or}}\r\n            </div>\r\n            {{> components/products/bulk-discount-rates}}\r\n        </div>        \r\n    </div>\r\n</article>\r\n<div class=\"card-price {{#if alternate}}card-price--alternate{{/if}}\">\r\n    <div class=\"card-text\" data-test-info-type=\"price\">\r\n        {{#or customer (if theme_settings.restrict_to_login '!==' true)}}\r\n            {{> components/products/price price=price customer=customer}}\r\n        {{else}}\r\n            {{> components/common/login-for-pricing}}\r\n        {{/or}}        \r\n    </div>\r\n    {{> components/products/bulk-discount-rates}}        \r\n    <a href=\"{{url}}\" class=\"card-link\">See Buying Options</a>\r\n</div>\r\n",
  "components/products/ratings": "{{#for 1 5}}\r\n    {{#if ../this.rating '>=' $index}}\r\n        <span class=\"icon icon--ratingFull\">\r\n            <svg>\r\n                <use xlink:href=\"#icon-star\" />\r\n            </svg>\r\n        </span>\r\n    {{else}}\r\n        <span class=\"icon icon--ratingEmpty\">\r\n            <svg>\r\n                <use xlink:href=\"#icon-star\" />\r\n            </svg>\r\n        </span>\r\n    {{/if}}\r\n{{/for}}\r\n{{{snippet 'product_rating'}}}\r\n",
  "components/products/price": "{{#or has_options product.options.length}}\r\n    {{#if price.with_tax}}\r\n        <div class=\"price-section price-section--withTax\" {{#if schema_org}}itemprop=\"offers\" itemscope itemtype=\"http://schema.org/Offer\"{{/if}}>\r\n            {{#if price.rrp_with_tax}}\r\n                <span data-product-rrp-with-tax class=\"price price--rrp\">{{price.rrp_with_tax.formatted}}</span>\r\n            {{/if}}\r\n            {{#if page_type '!==' 'product'}}\r\n                {{#if theme_settings.price_as_low_as}}\r\n                    <span translate>As low as </span>\r\n                {{/if}}\r\n            {{/if}}\r\n            <span data-product-price-with-tax class=\"price\">{{price.with_tax.formatted}}</span>\r\n            {{#if price.without_tax}}\r\n                {{lang 'products.price_with_tax' tax_label=price.tax_label}}\r\n            {{/if}}\r\n        </div>\r\n    {{/if}}\r\n    {{#if price.without_tax}}\r\n        <div class=\"price-section price-section--withoutTax {{#if price.with_tax}}price-section--minor{{/if}}\"  {{#if schema_org}}itemprop=\"offers\" itemscope itemtype=\"http://schema.org/Offer\"{{/if}}>\r\n            {{#if price.rrp_without_tax}}\r\n                <span data-product-rrp-without-tax class=\"price price--rrp\">{{price.rrp_without_tax.formatted}}</span>\r\n            {{/if}}\r\n            {{#if schema_org}}\r\n                <meta itemprop=\"price\" content=\"{{price.without_tax.value}}\">\r\n                <meta itemprop=\"priceCurrency\" content=\"{{currency_selector.active_currency_code}}\">\r\n                <meta itemprop=\"availability\" content=\"{{product.availability}}\">\r\n                <meta itemprop=\"itemCondition\" itemtype=\"http://schema.org/OfferItemCondition\" content=\"http://schema.org/{{product.condition}}Condition\">\r\n            {{/if}}\r\n            {{#if page_type '!==' 'product'}}\r\n                {{#if theme_settings.price_as_low_as}}\r\n                    <span translate>As low as </span>\r\n                {{/if}}\r\n            {{/if}}\r\n            <span data-product-price-without-tax class=\"price price--withoutTax\">{{price.without_tax.formatted}}</span>\r\n            {{#if price.with_tax}}\r\n                <abbr title=\"{{lang 'products.excluding_tax'}}\">{{lang 'products.price_without_tax' tax_label=price.tax_label}}</abbr>\r\n            {{/if}}\r\n        </div>\r\n    {{/if}}\r\n    {{#if page_type '===' 'product'}}\r\n        {{#if price.saved}}\r\n            <div class=\"price-section price-section--saving\">\r\n                <span class=\"price\">\r\n                    {{lang 'products.you_save' amount=price.saved.formatted}}\r\n                </span>\r\n            </div>\r\n        {{/if}}\r\n    {{/if}}\r\n{{else}}\r\n    {{#if price.with_tax}}\r\n        <div class=\"price-section price-section--withTax\" {{#if schema_org}}itemprop=\"offers\" itemscope itemtype=\"http://schema.org/Offer\"{{/if}}>\r\n            {{#if price.rrp_with_tax}}\r\n                <span data-product-rrp-with-tax class=\"price price--rrp\">{{price.rrp_with_tax.formatted}}</span>\r\n            {{/if}}\r\n            <span data-product-price-with-tax class=\"price\">{{price.with_tax.formatted}}</span>\r\n            {{#if price.without_tax}}\r\n                {{lang 'products.price_with_tax' tax_label=price.tax_label}}\r\n            {{/if}}\r\n        </div>\r\n    {{/if}}\r\n    {{#if price.without_tax}}\r\n        <div class=\"price-section price-section--withoutTax {{#if price.with_tax}}price-section--minor{{/if}}\"  {{#if schema_org}}itemprop=\"offers\" itemscope itemtype=\"http://schema.org/Offer\"{{/if}}>\r\n            {{#if price.rrp_without_tax}}\r\n                <span data-product-rrp-without-tax class=\"price price--rrp\">{{price.rrp_without_tax.formatted}}</span>\r\n            {{/if}}\r\n            {{#if schema_org}}\r\n                <meta itemprop=\"price\" content=\"{{price.without_tax.value}}\">\r\n                <meta itemprop=\"priceCurrency\" content=\"{{currency_selector.active_currency_code}}\">\r\n            {{/if}}\r\n            <span data-product-price-without-tax class=\"price price--withoutTax\">{{price.without_tax.formatted}}</span>\r\n            {{#if price.with_tax}}\r\n                <abbr title=\"{{lang 'products.excluding_tax'}}\">{{lang 'products.price_without_tax' tax_label=price.tax_label}}</abbr>\r\n            {{/if}}\r\n        </div>\r\n    {{/if}}\r\n    {{#if page_type '===' 'product'}}\r\n        {{#if price.saved}}\r\n            <div class=\"price-section price-section--saving\">\r\n                <span class=\"price\">\r\n                    {{lang 'products.you_save' amount=price.saved.formatted}}\r\n                </span>\r\n            </div>\r\n        {{/if}}\r\n    {{/if}}\r\n{{/or}}\r\n",
  "components/common/login-for-pricing": "<p translate>Log in for pricing</p>\r\n",
  "components/products/bulk-discount-rates": "{{#if bulk_discount_rates.length}}\r\n    <dt class=\"productView-info-name\">{{lang 'products.bulk_pricing.title'}}</dt>\r\n    <dd class=\"productView-info-value\">\r\n        <a href=\"{{url}}\" data-reveal-id=\"bulkPricingModal-{{id}}-{{$index}}\">\r\n            {{lang 'products.bulk_pricing.view'}}\r\n        </a>\r\n    </dd>\r\n    <div id=\"bulkPricingModal-{{id}}-{{$index}}\" class=\"modal modal--small\" data-reveal>\r\n        <div class=\"modal-header\">\r\n            <h2 class=\"modal-header-title\">{{lang 'products.bulk_pricing.modal_title'}}</h2>\r\n            <a href=\"#\" class=\"modal-close\" aria-label=\"Close\"><span aria-hidden=\"true\">&#215;</span></a>\r\n        </div>\r\n        <div class=\"modal-body\">\r\n            <p>{{lang 'products.bulk_pricing.instructions'}}</p>\r\n            <ul>\r\n            {{#each bulk_discount_rates}}\r\n                <li>\r\n                    {{lang 'products.bulk_pricing.range' min=min max=max}}\r\n                    {{#if type '===' 'percent'}}\r\n                        {{lang 'products.bulk_pricing.percent' discount=discount.formatted}}\r\n                    {{/if}}\r\n                    {{#if type '===' 'fixed'}}\r\n                        {{lang 'products.bulk_pricing.fixed' discount=discount.formatted}}\r\n                    {{/if}}\r\n                    {{#if type '===' 'price'}}\r\n                        {{lang 'products.bulk_pricing.price' discount=discount.formatted}}\r\n                    {{/if}}\r\n                </li>\r\n            {{/each}}\r\n            </ul>\r\n        </div>\r\n    </div>\r\n{{/if}}\r\n"
}